INTERVALSTARTTIME_GMT,INTERVALENDTIME_GMT,OPR_DT,OPR_HR,OPR_INTERVAL,NODE_ID_XML,NODE_ID,NODE,MARKET_RUN_ID,LMP_TYPE,XML_DATA_ITEM,PNODE_RESMRID,GRP_TYPE,POS,MW,GROUP
2021-09-28T05:00:00-00:00,2021-09-28T06:00:00-00:00,2021-09-27,23,0,SLAP_PGSF-APND,SLAP_PGSF-APND,SLAP_PGSF-APND,DAM,LMP,LMP_PRC,SLAP_PGSF-APND,ALL_APNODES,0,64.885,1
2021-09-27T11:00:00-00:00,2021-09-27T12:00:00-00:00,2021-09-27,5,0,SLAP_PGSF-APND,SLAP_PGSF-APND,SLAP_PGSF-APND,DAM,LMP,LMP_PRC,SLAP_PGSF-APND,ALL_APNODES,0,53.58664,1
2021-09-28T03:00:00-00:00,2021-09-28T04:00:00-00:00,2021-09-27,21,0,SLAP_PGSF-APND,SLAP_PGSF-APND,SLAP_PGSF-APND,DAM,LMP,LMP_PRC,SLAP_PGSF-APND,ALL_APNODES,0,70.16248,1
2021-09-27T16:00:00-00:00,2021-09-27T17:00:00-00:00,2021-09-27,10,0,SLAP_PGSF-APND,SLAP_PGSF-APND,SLAP_PGSF-APND,DAM,LMP,LMP_PRC,SLAP_PGSF-APND,ALL_APNODES,0,52.31126,1
2021-09-27T19:00:00-00:00,2021-09-27T20:00:00-00:00,2021-09-27,13,0,SLAP_PGSF-APND,SLAP_PGSF-APND,SLAP_PGSF-APND,DAM,LMP,LMP_PRC,SLAP_PGSF-APND,ALL_APNODES,0,46.49485,1
2021-09-27T08:00:00-00:00,2021-09-27T09:00:00-00:00,2021-09-27,2,0,SLAP_PGSF-APND,SLAP_PGSF-APND,SLAP_PGSF-APND,DAM,LMP,LMP_PRC,SLAP_PGSF-APND,ALL_APNODES,0,53.77356,1
2021-09-27T10:00:00-00:00,2021-09-27T11:00:00-00:00,2021-09-27,4,0,SLAP_PGSF-APND,SLAP_PGSF-APND,SLAP_PGSF-APND,DAM,LMP,LMP_PRC,SLAP_PGSF-APND,ALL_APNODES,0,52.20775,1
2021-09-27T23:00:00-00:00,2021-09-28T00:00:00-00:00,2021-09-27,17,0,SLAP_PGSF-APND,SLAP_PGSF-APND,SLAP_PGSF-APND,DAM,LMP,LMP_PRC,SLAP_PGSF-APND,ALL_APNODES,0,60.53783,1
2021-09-27T15:00:00-00:00,2021-09-27T16:00:00-00:00,2021-09-27,9,0,SLAP_PGSF-APND,SLAP_PGSF-APND,SLAP_PGSF-APND,DAM,LMP,LMP_PRC,SLAP_PGSF-APND,ALL_APNODES,0,55.23972,1
2021-09-27T17:00:00-00:00,2021-09-27T18:00:00-00:00,2021-09-27,11,0,SLAP_PGSF-APND,SLAP_PGSF-APND,SLAP_PGSF-APND,DAM,LMP,LMP_PRC,SLAP_PGSF-APND,ALL_APNODES,0,46.48353,1
2021-09-27T07:00:00-00:00,2021-09-27T08:00:00-00:00,2021-09-27,1,0,SLAP_PGSF-APND,SLAP_PGSF-APND,SLAP_PGSF-APND,DAM,LMP,LMP_PRC,SLAP_PGSF-APND,ALL_APNODES,0,56.85777,1
2021-09-28T01:00:00-00:00,2021-09-28T02:00:00-00:00,2021-09-27,19,0,SLAP_PGSF-APND,SLAP_PGSF-APND,SLAP_PGSF-APND,DAM,LMP,LMP_PRC,SLAP_PGSF-APND,ALL_APNODES,0,86.50996,1
2021-09-28T06:00:00-00:00,2021-09-28T07:00:00-00:00,2021-09-27,24,0,SLAP_PGSF-APND,SLAP_PGSF-APND,SLAP_PGSF-APND,DAM,LMP,LMP_PRC,SLAP_PGSF-APND,ALL_APNODES,0,57.96669,1
2021-09-27T13:00:00-00:00,2021-09-27T14:00:00-00:00,2021-09-27,7,0,SLAP_PGSF-APND,SLAP_PGSF-APND,SLAP_PGSF-APND,DAM,LMP,LMP_PRC,SLAP_PGSF-APND,ALL_APNODES,0,66.87913,1
2021-09-27T21:00:00-00:00,2021-09-27T22:00:00-00:00,2021-09-27,15,0,SLAP_PGSF-APND,SLAP_PGSF-APND,SLAP_PGSF-APND,DAM,LMP,LMP_PRC,SLAP_PGSF-APND,ALL_APNODES,0,55.30485,1
2021-09-27T22:00:00-00:00,2021-09-27T23:00:00-00:00,2021-09-27,16,0,SLAP_PGSF-APND,SLAP_PGSF-APND,SLAP_PGSF-APND,DAM,LMP,LMP_PRC,SLAP_PGSF-APND,ALL_APNODES,0,57.90394,1
2021-09-28T04:00:00-00:00,2021-09-28T05:00:00-00:00,2021-09-27,22,0,SLAP_PGSF-APND,SLAP_PGSF-APND,SLAP_PGSF-APND,DAM,LMP,LMP_PRC,SLAP_PGSF-APND,ALL_APNODES,0,67.56876,1
2021-09-27T18:00:00-00:00,2021-09-27T19:00:00-00:00,2021-09-27,12,0,SLAP_PGSF-APND,SLAP_PGSF-APND,SLAP_PGSF-APND,DAM,LMP,LMP_PRC,SLAP_PGSF-APND,ALL_APNODES,0,45.09189,1
2021-09-27T09:00:00-00:00,2021-09-27T10:00:00-00:00,2021-09-27,3,0,SLAP_PGSF-APND,SLAP_PGSF-APND,SLAP_PGSF-APND,DAM,LMP,LMP_PRC,SLAP_PGSF-APND,ALL_APNODES,0,52.15384,1
2021-09-27T14:00:00-00:00,2021-09-27T15:00:00-00:00,2021-09-27,8,0,SLAP_PGSF-APND,SLAP_PGSF-APND,SLAP_PGSF-APND,DAM,LMP,LMP_PRC,SLAP_PGSF-APND,ALL_APNODES,0,63.02897,1
2021-09-28T00:00:00-00:00,2021-09-28T01:00:00-00:00,2021-09-27,18,0,SLAP_PGSF-APND,SLAP_PGSF-APND,SLAP_PGSF-APND,DAM,LMP,LMP_PRC,SLAP_PGSF-APND,ALL_APNODES,0,70.6154,1
2021-09-28T02:00:00-00:00,2021-09-28T03:00:00-00:00,2021-09-27,20,0,SLAP_PGSF-APND,SLAP_PGSF-APND,SLAP_PGSF-APND,DAM,LMP,LMP_PRC,SLAP_PGSF-APND,ALL_APNODES,0,80.21276,1
2021-09-27T20:00:00-00:00,2021-09-27T21:00:00-00:00,2021-09-27,14,0,SLAP_PGSF-APND,SLAP_PGSF-APND,SLAP_PGSF-APND,DAM,LMP,LMP_PRC,SLAP_PGSF-APND,ALL_APNODES,0,51.05998,1
2021-09-27T12:00:00-00:00,2021-09-27T13:00:00-00:00,2021-09-27,6,0,SLAP_PGSF-APND,SLAP_PGSF-APND,SLAP_PGSF-APND,DAM,LMP,LMP_PRC,SLAP_PGSF-APND,ALL_APNODES,0,60.50658,1
2021-09-27T12:00:00-00:00,2021-09-27T13:00:00-00:00,2021-09-27,6,0,SLAP_PGSF-APND,SLAP_PGSF-APND,SLAP_PGSF-APND,DAM,MCC,LMP_CONG_PRC,SLAP_PGSF-APND,ALL_APNODES,0,0,2
2021-09-28T01:00:00-00:00,2021-09-28T02:00:00-00:00,2021-09-27,19,0,SLAP_PGSF-APND,SLAP_PGSF-APND,SLAP_PGSF-APND,DAM,MCC,LMP_CONG_PRC,SLAP_PGSF-APND,ALL_APNODES,0,0,2
2021-09-27T16:00:00-00:00,2021-09-27T17:00:00-00:00,2021-09-27,10,0,SLAP_PGSF-APND,SLAP_PGSF-APND,SLAP_PGSF-APND,DAM,MCC,LMP_CONG_PRC,SLAP_PGSF-APND,ALL_APNODES,0,0.38937,2
2021-09-27T22:00:00-00:00,2021-09-27T23:00:00-00:00,2021-09-27,16,0,SLAP_PGSF-APND,SLAP_PGSF-APND,SLAP_PGSF-APND,DAM,MCC,LMP_CONG_PRC,SLAP_PGSF-APND,ALL_APNODES,0,1.68426,2
2021-09-27T11:00:00-00:00,2021-09-27T12:00:00-00:00,2021-09-27,5,0,SLAP_PGSF-APND,SLAP_PGSF-APND,SLAP_PGSF-APND,DAM,MCC,LMP_CONG_PRC,SLAP_PGSF-APND,ALL_APNODES,0,0,2
2021-09-27T23:00:00-00:00,2021-09-28T00:00:00-00:00,2021-09-27,17,0,SLAP_PGSF-APND,SLAP_PGSF-APND,SLAP_PGSF-APND,DAM,MCC,LMP_CONG_PRC,SLAP_PGSF-APND,ALL_APNODES,0,0.25137,2
2021-09-28T00:00:00-00:00,2021-09-28T01:00:00-00:00,2021-09-27,18,0,SLAP_PGSF-APND,SLAP_PGSF-APND,SLAP_PGSF-APND,DAM,MCC,LMP_CONG_PRC,SLAP_PGSF-APND,ALL_APNODES,0,0,2
2021-09-27T08:00:00-00:00,2021-09-27T09:00:00-00:00,2021-09-27,2,0,SLAP_PGSF-APND,SLAP_PGSF-APND,SLAP_PGSF-APND,DAM,MCC,LMP_CONG_PRC,SLAP_PGSF-APND,ALL_APNODES,0,0,2
2021-09-28T04:00:00-00:00,2021-09-28T05:00:00-00:00,2021-09-27,22,0,SLAP_PGSF-APND,SLAP_PGSF-APND,SLAP_PGSF-APND,DAM,MCC,LMP_CONG_PRC,SLAP_PGSF-APND,ALL_APNODES,0,0,2
2021-09-27T07:00:00-00:00,2021-09-27T08:00:00-00:00,2021-09-27,1,0,SLAP_PGSF-APND,SLAP_PGSF-APND,SLAP_PGSF-APND,DAM,MCC,LMP_CONG_PRC,SLAP_PGSF-APND,ALL_APNODES,0,0,2
2021-09-28T02:00:00-00:00,2021-09-28T03:00:00-00:00,2021-09-27,20,0,SLAP_PGSF-APND,SLAP_PGSF-APND,SLAP_PGSF-APND,DAM,MCC,LMP_CONG_PRC,SLAP_PGSF-APND,ALL_APNODES,0,0,2
2021-09-28T06:00:00-00:00,2021-09-28T07:00:00-00:00,2021-09-27,24,0,SLAP_PGSF-APND,SLAP_PGSF-APND,SLAP_PGSF-APND,DAM,MCC,LMP_CONG_PRC,SLAP_PGSF-APND,ALL_APNODES,0,0,2
2021-09-27T17:00:00-00:00,2021-09-27T18:00:00-00:00,2021-09-27,11,0,SLAP_PGSF-APND,SLAP_PGSF-APND,SLAP_PGSF-APND,DAM,MCC,LMP_CONG_PRC,SLAP_PGSF-APND,ALL_APNODES,0,0.49108,2
2021-09-27T20:00:00-00:00,2021-09-27T21:00:00-00:00,2021-09-27,14,0,SLAP_PGSF-APND,SLAP_PGSF-APND,SLAP_PGSF-APND,DAM,MCC,LMP_CONG_PRC,SLAP_PGSF-APND,ALL_APNODES,0,4.01519,2
2021-09-27T21:00:00-00:00,2021-09-27T22:00:00-00:00,2021-09-27,15,0,SLAP_PGSF-APND,SLAP_PGSF-APND,SLAP_PGSF-APND,DAM,MCC,LMP_CONG_PRC,SLAP_PGSF-APND,ALL_APNODES,0,4.8077,2
2021-09-27T18:00:00-00:00,2021-09-27T19:00:00-00:00,2021-09-27,12,0,SLAP_PGSF-APND,SLAP_PGSF-APND,SLAP_PGSF-APND,DAM,MCC,LMP_CONG_PRC,SLAP_PGSF-APND,ALL_APNODES,0,4.00282,2
2021-09-27T10:00:00-00:00,2021-09-27T11:00:00-00:00,2021-09-27,4,0,SLAP_PGSF-APND,SLAP_PGSF-APND,SLAP_PGSF-APND,DAM,MCC,LMP_CONG_PRC,SLAP_PGSF-APND,ALL_APNODES,0,0,2
2021-09-28T03:00:00-00:00,2021-09-28T04:00:00-00:00,2021-09-27,21,0,SLAP_PGSF-APND,SLAP_PGSF-APND,SLAP_PGSF-APND,DAM,MCC,LMP_CONG_PRC,SLAP_PGSF-APND,ALL_APNODES,0,0,2
2021-09-28T05:00:00-00:00,2021-09-28T06:00:00-00:00,2021-09-27,23,0,SLAP_PGSF-APND,SLAP_PGSF-APND,SLAP_PGSF-APND,DAM,MCC,LMP_CONG_PRC,SLAP_PGSF-APND,ALL_APNODES,0,0,2
2021-09-27T13:00:00-00:00,2021-09-27T14:00:00-00:00,2021-09-27,7,0,SLAP_PGSF-APND,SLAP_PGSF-APND,SLAP_PGSF-APND,DAM,MCC,LMP_CONG_PRC,SLAP_PGSF-APND,ALL_APNODES,0,0,2
2021-09-27T15:00:00-00:00,2021-09-27T16:00:00-00:00,2021-09-27,9,0,SLAP_PGSF-APND,SLAP_PGSF-APND,SLAP_PGSF-APND,DAM,MCC,LMP_CONG_PRC,SLAP_PGSF-APND,ALL_APNODES,0,0,2
2021-09-27T19:00:00-00:00,2021-09-27T20:00:00-00:00,2021-09-27,13,0,SLAP_PGSF-APND,SLAP_PGSF-APND,SLAP_PGSF-APND,DAM,MCC,LMP_CONG_PRC,SLAP_PGSF-APND,ALL_APNODES,0,3.32475,2
2021-09-27T09:00:00-00:00,2021-09-27T10:00:00-00:00,2021-09-27,3,0,SLAP_PGSF-APND,SLAP_PGSF-APND,SLAP_PGSF-APND,DAM,MCC,LMP_CONG_PRC,SLAP_PGSF-APND,ALL_APNODES,0,0,2
2021-09-27T14:00:00-00:00,2021-09-27T15:00:00-00:00,2021-09-27,8,0,SLAP_PGSF-APND,SLAP_PGSF-APND,SLAP_PGSF-APND,DAM,MCC,LMP_CONG_PRC,SLAP_PGSF-APND,ALL_APNODES,0,0,2
2021-09-27T14:00:00-00:00,2021-09-27T15:00:00-00:00,2021-09-27,8,0,SLAP_PGSF-APND,SLAP_PGSF-APND,SLAP_PGSF-APND,DAM,MCE,LMP_ENE_PRC,SLAP_PGSF-APND,ALL_APNODES,0,59.77143,3
2021-09-27T16:00:00-00:00,2021-09-27T17:00:00-00:00,2021-09-27,10,0,SLAP_PGSF-APND,SLAP_PGSF-APND,SLAP_PGSF-APND,DAM,MCE,LMP_ENE_PRC,SLAP_PGSF-APND,ALL_APNODES,0,47.3567,3
2021-09-28T01:00:00-00:00,2021-09-28T02:00:00-00:00,2021-09-27,19,0,SLAP_PGSF-APND,SLAP_PGSF-APND,SLAP_PGSF-APND,DAM,MCE,LMP_ENE_PRC,SLAP_PGSF-APND,ALL_APNODES,0,84.03104,3
2021-09-28T03:00:00-00:00,2021-09-28T04:00:00-00:00,2021-09-27,21,0,SLAP_PGSF-APND,SLAP_PGSF-APND,SLAP_PGSF-APND,DAM,MCE,LMP_ENE_PRC,SLAP_PGSF-APND,ALL_APNODES,0,68.14538,3
2021-09-27T10:00:00-00:00,2021-09-27T11:00:00-00:00,2021-09-27,4,0,SLAP_PGSF-APND,SLAP_PGSF-APND,SLAP_PGSF-APND,DAM,MCE,LMP_ENE_PRC,SLAP_PGSF-APND,ALL_APNODES,0,50.27227,3
2021-09-27T12:00:00-00:00,2021-09-27T13:00:00-00:00,2021-09-27,6,0,SLAP_PGSF-APND,SLAP_PGSF-APND,SLAP_PGSF-APND,DAM,MCE,LMP_ENE_PRC,SLAP_PGSF-APND,ALL_APNODES,0,58.241,3
2021-09-27T21:00:00-00:00,2021-09-27T22:00:00-00:00,2021-09-27,15,0,SLAP_PGSF-APND,SLAP_PGSF-APND,SLAP_PGSF-APND,DAM,MCE,LMP_ENE_PRC,SLAP_PGSF-APND,ALL_APNODES,0,46.61848,3
2021-09-27T08:00:00-00:00,2021-09-27T09:00:00-00:00,2021-09-27,2,0,SLAP_PGSF-APND,SLAP_PGSF-APND,SLAP_PGSF-APND,DAM,MCE,LMP_ENE_PRC,SLAP_PGSF-APND,ALL_APNODES,0,51.6061,3
2021-09-27T23:00:00-00:00,2021-09-28T00:00:00-00:00,2021-09-27,17,0,SLAP_PGSF-APND,SLAP_PGSF-APND,SLAP_PGSF-APND,DAM,MCE,LMP_ENE_PRC,SLAP_PGSF-APND,ALL_APNODES,0,56.23737,3
2021-09-28T04:00:00-00:00,2021-09-28T05:00:00-00:00,2021-09-27,22,0,SLAP_PGSF-APND,SLAP_PGSF-APND,SLAP_PGSF-APND,DAM,MCE,LMP_ENE_PRC,SLAP_PGSF-APND,ALL_APNODES,0,65.95935,3
2021-09-28T06:00:00-00:00,2021-09-28T07:00:00-00:00,2021-09-27,24,0,SLAP_PGSF-APND,SLAP_PGSF-APND,SLAP_PGSF-APND,DAM,MCE,LMP_ENE_PRC,SLAP_PGSF-APND,ALL_APNODES,0,56.5308,3
2021-09-27T20:00:00-00:00,2021-09-27T21:00:00-00:00,2021-09-27,14,0,SLAP_PGSF-APND,SLAP_PGSF-APND,SLAP_PGSF-APND,DAM,MCE,LMP_ENE_PRC,SLAP_PGSF-APND,ALL_APNODES,0,43.01434,3
2021-09-28T05:00:00-00:00,2021-09-28T06:00:00-00:00,2021-09-27,23,0,SLAP_PGSF-APND,SLAP_PGSF-APND,SLAP_PGSF-APND,DAM,MCE,LMP_ENE_PRC,SLAP_PGSF-APND,ALL_APNODES,0,63.33333,3
2021-09-27T19:00:00-00:00,2021-09-27T20:00:00-00:00,2021-09-27,13,0,SLAP_PGSF-APND,SLAP_PGSF-APND,SLAP_PGSF-APND,DAM,MCE,LMP_ENE_PRC,SLAP_PGSF-APND,ALL_APNODES,0,39.33136,3
2021-09-27T07:00:00-00:00,2021-09-27T08:00:00-00:00,2021-09-27,1,0,SLAP_PGSF-APND,SLAP_PGSF-APND,SLAP_PGSF-APND,DAM,MCE,LMP_ENE_PRC,SLAP_PGSF-APND,ALL_APNODES,0,54.18638,3
2021-09-27T09:00:00-00:00,2021-09-27T10:00:00-00:00,2021-09-27,3,0,SLAP_PGSF-APND,SLAP_PGSF-APND,SLAP_PGSF-APND,DAM,MCE,LMP_ENE_PRC,SLAP_PGSF-APND,ALL_APNODES,0,50.21552,3
2021-09-28T02:00:00-00:00,2021-09-28T03:00:00-00:00,2021-09-27,20,0,SLAP_PGSF-APND,SLAP_PGSF-APND,SLAP_PGSF-APND,DAM,MCE,LMP_ENE_PRC,SLAP_PGSF-APND,ALL_APNODES,0,77.76321,3
2021-09-27T15:00:00-00:00,2021-09-27T16:00:00-00:00,2021-09-27,9,0,SLAP_PGSF-APND,SLAP_PGSF-APND,SLAP_PGSF-APND,DAM,MCE,LMP_ENE_PRC,SLAP_PGSF-APND,ALL_APNODES,0,51.59216,3
2021-09-27T17:00:00-00:00,2021-09-27T18:00:00-00:00,2021-09-27,11,0,SLAP_PGSF-APND,SLAP_PGSF-APND,SLAP_PGSF-APND,DAM,MCE,LMP_ENE_PRC,SLAP_PGSF-APND,ALL_APNODES,0,42.49904,3
2021-09-28T00:00:00-00:00,2021-09-28T01:00:00-00:00,2021-09-27,18,0,SLAP_PGSF-APND,SLAP_PGSF-APND,SLAP_PGSF-APND,DAM,MCE,LMP_ENE_PRC,SLAP_PGSF-APND,ALL_APNODES,0,67.13129,3
2021-09-27T13:00:00-00:00,2021-09-27T14:00:00-00:00,2021-09-27,7,0,SLAP_PGSF-APND,SLAP_PGSF-APND,SLAP_PGSF-APND,DAM,MCE,LMP_ENE_PRC,SLAP_PGSF-APND,ALL_APNODES,0,64.58631,3
2021-09-27T18:00:00-00:00,2021-09-27T19:00:00-00:00,2021-09-27,12,0,SLAP_PGSF-APND,SLAP_PGSF-APND,SLAP_PGSF-APND,DAM,MCE,LMP_ENE_PRC,SLAP_PGSF-APND,ALL_APNODES,0,37.37748,3
2021-09-27T22:00:00-00:00,2021-09-27T23:00:00-00:00,2021-09-27,16,0,SLAP_PGSF-APND,SLAP_PGSF-APND,SLAP_PGSF-APND,DAM,MCE,LMP_ENE_PRC,SLAP_PGSF-APND,ALL_APNODES,0,52.11316,3
2021-09-27T11:00:00-00:00,2021-09-27T12:00:00-00:00,2021-09-27,5,0,SLAP_PGSF-APND,SLAP_PGSF-APND,SLAP_PGSF-APND,DAM,MCE,LMP_ENE_PRC,SLAP_PGSF-APND,ALL_APNODES,0,51.59011,3
2021-09-27T13:00:00-00:00,2021-09-27T14:00:00-00:00,2021-09-27,7,0,SLAP_PGSF-APND,SLAP_PGSF-APND,SLAP_PGSF-APND,DAM,MCL,LMP_LOSS_PRC,SLAP_PGSF-APND,ALL_APNODES,0,2.29281,4
2021-09-27T15:00:00-00:00,2021-09-27T16:00:00-00:00,2021-09-27,9,0,SLAP_PGSF-APND,SLAP_PGSF-APND,SLAP_PGSF-APND,DAM,MCL,LMP_LOSS_PRC,SLAP_PGSF-APND,ALL_APNODES,0,3.64757,4
2021-09-27T07:00:00-00:00,2021-09-27T08:00:00-00:00,2021-09-27,1,0,SLAP_PGSF-APND,SLAP_PGSF-APND,SLAP_PGSF-APND,DAM,MCL,LMP_LOSS_PRC,SLAP_PGSF-APND,ALL_APNODES,0,2.67139,4
2021-09-27T08:00:00-00:00,2021-09-27T09:00:00-00:00,2021-09-27,2,0,SLAP_PGSF-APND,SLAP_PGSF-APND,SLAP_PGSF-APND,DAM,MCL,LMP_LOSS_PRC,SLAP_PGSF-APND,ALL_APNODES,0,2.16746,4
2021-09-28T00:00:00-00:00,2021-09-28T01:00:00-00:00,2021-09-27,18,0,SLAP_PGSF-APND,SLAP_PGSF-APND,SLAP_PGSF-APND,DAM,MCL,LMP_LOSS_PRC,SLAP_PGSF-APND,ALL_APNODES,0,3.48411,4
2021-09-28T05:00:00-00:00,2021-09-28T06:00:00-00:00,2021-09-27,23,0,SLAP_PGSF-APND,SLAP_PGSF-APND,SLAP_PGSF-APND,DAM,MCL,LMP_LOSS_PRC,SLAP_PGSF-APND,ALL_APNODES,0,1.55167,4
2021-09-28T04:00:00-00:00,2021-09-28T05:00:00-00:00,2021-09-27,22,0,SLAP_PGSF-APND,SLAP_PGSF-APND,SLAP_PGSF-APND,DAM,MCL,LMP_LOSS_PRC,SLAP_PGSF-APND,ALL_APNODES,0,1.60941,4
2021-09-27T10:00:00-00:00,2021-09-27T11:00:00-00:00,2021-09-27,4,0,SLAP_PGSF-APND,SLAP_PGSF-APND,SLAP_PGSF-APND,DAM,MCL,LMP_LOSS_PRC,SLAP_PGSF-APND,ALL_APNODES,0,1.93548,4
2021-09-28T02:00:00-00:00,2021-09-28T03:00:00-00:00,2021-09-27,20,0,SLAP_PGSF-APND,SLAP_PGSF-APND,SLAP_PGSF-APND,DAM,MCL,LMP_LOSS_PRC,SLAP_PGSF-APND,ALL_APNODES,0,2.44954,4
2021-09-27T18:00:00-00:00,2021-09-27T19:00:00-00:00,2021-09-27,12,0,SLAP_PGSF-APND,SLAP_PGSF-APND,SLAP_PGSF-APND,DAM,MCL,LMP_LOSS_PRC,SLAP_PGSF-APND,ALL_APNODES,0,3.71158,4
2021-09-27T19:00:00-00:00,2021-09-27T20:00:00-00:00,2021-09-27,13,0,SLAP_PGSF-APND,SLAP_PGSF-APND,SLAP_PGSF-APND,DAM,MCL,LMP_LOSS_PRC,SLAP_PGSF-APND,ALL_APNODES,0,3.83874,4
2021-09-27T21:00:00-00:00,2021-09-27T22:00:00-00:00,2021-09-27,15,0,SLAP_PGSF-APND,SLAP_PGSF-APND,SLAP_PGSF-APND,DAM,MCL,LMP_LOSS_PRC,SLAP_PGSF-APND,ALL_APNODES,0,3.87866,4
2021-09-28T03:00:00-00:00,2021-09-28T04:00:00-00:00,2021-09-27,21,0,SLAP_PGSF-APND,SLAP_PGSF-APND,SLAP_PGSF-APND,DAM,MCL,LMP_LOSS_PRC,SLAP_PGSF-APND,ALL_APNODES,0,2.0171,4
2021-09-27T17:00:00-00:00,2021-09-27T18:00:00-00:00,2021-09-27,11,0,SLAP_PGSF-APND,SLAP_PGSF-APND,SLAP_PGSF-APND,DAM,MCL,LMP_LOSS_PRC,SLAP_PGSF-APND,ALL_APNODES,0,3.49342,4
2021-09-27T20:00:00-00:00,2021-09-27T21:00:00-00:00,2021-09-27,14,0,SLAP_PGSF-APND,SLAP_PGSF-APND,SLAP_PGSF-APND,DAM,MCL,LMP_LOSS_PRC,SLAP_PGSF-APND,ALL_APNODES,0,4.03044,4
2021-09-28T01:00:00-00:00,2021-09-28T02:00:00-00:00,2021-09-27,19,0,SLAP_PGSF-APND,SLAP_PGSF-APND,SLAP_PGSF-APND,DAM,MCL,LMP_LOSS_PRC,SLAP_PGSF-APND,ALL_APNODES,0,2.47892,4
2021-09-27T14:00:00-00:00,2021-09-27T15:00:00-00:00,2021-09-27,8,0,SLAP_PGSF-APND,SLAP_PGSF-APND,SLAP_PGSF-APND,DAM,MCL,LMP_LOSS_PRC,SLAP_PGSF-APND,ALL_APNODES,0,3.25754,4
2021-09-27T22:00:00-00:00,2021-09-27T23:00:00-00:00,2021-09-27,16,0,SLAP_PGSF-APND,SLAP_PGSF-APND,SLAP_PGSF-APND,DAM,MCL,LMP_LOSS_PRC,SLAP_PGSF-APND,ALL_APNODES,0,4.10652,4
2021-09-27T09:00:00-00:00,2021-09-27T10:00:00-00:00,2021-09-27,3,0,SLAP_PGSF-APND,SLAP_PGSF-APND,SLAP_PGSF-APND,DAM,MCL,LMP_LOSS_PRC,SLAP_PGSF-APND,ALL_APNODES,0,1.93832,4
2021-09-27T11:00:00-00:00,2021-09-27T12:00:00-00:00,2021-09-27,5,0,SLAP_PGSF-APND,SLAP_PGSF-APND,SLAP_PGSF-APND,DAM,MCL,LMP_LOSS_PRC,SLAP_PGSF-APND,ALL_APNODES,0,1.99654,4
2021-09-27T23:00:00-00:00,2021-09-28T00:00:00-00:00,2021-09-27,17,0,SLAP_PGSF-APND,SLAP_PGSF-APND,SLAP_PGSF-APND,DAM,MCL,LMP_LOSS_PRC,SLAP_PGSF-APND,ALL_APNODES,0,4.04909,4
2021-09-28T06:00:00-00:00,2021-09-28T07:00:00-00:00,2021-09-27,24,0,SLAP_PGSF-APND,SLAP_PGSF-APND,SLAP_PGSF-APND,DAM,MCL,LMP_LOSS_PRC,SLAP_PGSF-APND,ALL_APNODES,0,1.43588,4
2021-09-27T12:00:00-00:00,2021-09-27T13:00:00-00:00,2021-09-27,6,0,SLAP_PGSF-APND,SLAP_PGSF-APND,SLAP_PGSF-APND,DAM,MCL,LMP_LOSS_PRC,SLAP_PGSF-APND,ALL_APNODES,0,2.26558,4
2021-09-27T16:00:00-00:00,2021-09-27T17:00:00-00:00,2021-09-27,10,0,SLAP_PGSF-APND,SLAP_PGSF-APND,SLAP_PGSF-APND,DAM,MCL,LMP_LOSS_PRC,SLAP_PGSF-APND,ALL_APNODES,0,4.56519,4
2021-09-27T17:00:00-00:00,2021-09-27T18:00:00-00:00,2021-09-27,11,0,SLAP_PGSF-APND,SLAP_PGSF-APND,SLAP_PGSF-APND,DAM,MGHG,LMP_GHG_PRC,SLAP_PGSF-APND,ALL_APNODES,0,0,5
2021-09-27T19:00:00-00:00,2021-09-27T20:00:00-00:00,2021-09-27,13,0,SLAP_PGSF-APND,SLAP_PGSF-APND,SLAP_PGSF-APND,DAM,MGHG,LMP_GHG_PRC,SLAP_PGSF-APND,ALL_APNODES,0,0,5
2021-09-27T10:00:00-00:00,2021-09-27T11:00:00-00:00,2021-09-27,4,0,SLAP_PGSF-APND,SLAP_PGSF-APND,SLAP_PGSF-APND,DAM,MGHG,LMP_GHG_PRC,SLAP_PGSF-APND,ALL_APNODES,0,0,5
2021-09-27T23:00:00-00:00,2021-09-28T00:00:00-00:00,2021-09-27,17,0,SLAP_PGSF-APND,SLAP_PGSF-APND,SLAP_PGSF-APND,DAM,MGHG,LMP_GHG_PRC,SLAP_PGSF-APND,ALL_APNODES,0,0,5
2021-09-27T18:00:00-00:00,2021-09-27T19:00:00-00:00,2021-09-27,12,0,SLAP_PGSF-APND,SLAP_PGSF-APND,SLAP_PGSF-APND,DAM,MGHG,LMP_GHG_PRC,SLAP_PGSF-APND,ALL_APNODES,0,0,5
2021-09-27T11:00:00-00:00,2021-09-27T12:00:00-00:00,2021-09-27,5,0,SLAP_PGSF-APND,SLAP_PGSF-APND,SLAP_PGSF-APND,DAM,MGHG,LMP_GHG_PRC,SLAP_PGSF-APND,ALL_APNODES,0,0,5
2021-09-28T01:00:00-00:00,2021-09-28T02:00:00-00:00,2021-09-27,19,0,SLAP_PGSF-APND,SLAP_PGSF-APND,SLAP_PGSF-APND,DAM,MGHG,LMP_GHG_PRC,SLAP_PGSF-APND,ALL_APNODES,0,0,5
2021-09-27T21:00:00-00:00,2021-09-27T22:00:00-00:00,2021-09-27,15,0,SLAP_PGSF-APND,SLAP_PGSF-APND,SLAP_PGSF-APND,DAM,MGHG,LMP_GHG_PRC,SLAP_PGSF-APND,ALL_APNODES,0,0,5
2021-09-28T02:00:00-00:00,2021-09-28T03:00:00-00:00,2021-09-27,20,0,SLAP_PGSF-APND,SLAP_PGSF-APND,SLAP_PGSF-APND,DAM,MGHG,LMP_GHG_PRC,SLAP_PGSF-APND,ALL_APNODES,0,0,5
2021-09-28T04:00:00-00:00,2021-09-28T05:00:00-00:00,2021-09-27,22,0,SLAP_PGSF-APND,SLAP_PGSF-APND,SLAP_PGSF-APND,DAM,MGHG,LMP_GHG_PRC,SLAP_PGSF-APND,ALL_APNODES,0,0,5
2021-09-28T05:00:00-00:00,2021-09-28T06:00:00-00:00,2021-09-27,23,0,SLAP_PGSF-APND,SLAP_PGSF-APND,SLAP_PGSF-APND,DAM,MGHG,LMP_GHG_PRC,SLAP_PGSF-APND,ALL_APNODES,0,0,5
2021-09-27T13:00:00-00:00,2021-09-27T14:00:00-00:00,2021-09-27,7,0,SLAP_PGSF-APND,SLAP_PGSF-APND,SLAP_PGSF-APND,DAM,MGHG,LMP_GHG_PRC,SLAP_PGSF-APND,ALL_APNODES,0,0,5
2021-09-27T16:00:00-00:00,2021-09-27T17:00:00-00:00,2021-09-27,10,0,SLAP_PGSF-APND,SLAP_PGSF-APND,SLAP_PGSF-APND,DAM,MGHG,LMP_GHG_PRC,SLAP_PGSF-APND,ALL_APNODES,0,0,5
2021-09-27T20:00:00-00:00,2021-09-27T21:00:00-00:00,2021-09-27,14,0,SLAP_PGSF-APND,SLAP_PGSF-APND,SLAP_PGSF-APND,DAM,MGHG,LMP_GHG_PRC,SLAP_PGSF-APND,ALL_APNODES,0,0,5
2021-09-27T14:00:00-00:00,2021-09-27T15:00:00-00:00,2021-09-27,8,0,SLAP_PGSF-APND,SLAP_PGSF-APND,SLAP_PGSF-APND,DAM,MGHG,LMP_GHG_PRC,SLAP_PGSF-APND,ALL_APNODES,0,0,5
2021-09-27T07:00:00-00:00,2021-09-27T08:00:00-00:00,2021-09-27,1,0,SLAP_PGSF-APND,SLAP_PGSF-APND,SLAP_PGSF-APND,DAM,MGHG,LMP_GHG_PRC,SLAP_PGSF-APND,ALL_APNODES,0,0,5
2021-09-28T00:00:00-00:00,2021-09-28T01:00:00-00:00,2021-09-27,18,0,SLAP_PGSF-APND,SLAP_PGSF-APND,SLAP_PGSF-APND,DAM,MGHG,LMP_GHG_PRC,SLAP_PGSF-APND,ALL_APNODES,0,0,5
2021-09-28T03:00:00-00:00,2021-09-28T04:00:00-00:00,2021-09-27,21,0,SLAP_PGSF-APND,SLAP_PGSF-APND,SLAP_PGSF-APND,DAM,MGHG,LMP_GHG_PRC,SLAP_PGSF-APND,ALL_APNODES,0,0,5
2021-09-27T22:00:00-00:00,2021-09-27T23:00:00-00:00,2021-09-27,16,0,SLAP_PGSF-APND,SLAP_PGSF-APND,SLAP_PGSF-APND,DAM,MGHG,LMP_GHG_PRC,SLAP_PGSF-APND,ALL_APNODES,0,0,5
2021-09-27T09:00:00-00:00,2021-09-27T10:00:00-00:00,2021-09-27,3,0,SLAP_PGSF-APND,SLAP_PGSF-APND,SLAP_PGSF-APND,DAM,MGHG,LMP_GHG_PRC,SLAP_PGSF-APND,ALL_APNODES,0,0,5
2021-09-28T06:00:00-00:00,2021-09-28T07:00:00-00:00,2021-09-27,24,0,SLAP_PGSF-APND,SLAP_PGSF-APND,SLAP_PGSF-APND,DAM,MGHG,LMP_GHG_PRC,SLAP_PGSF-APND,ALL_APNODES,0,0,5
2021-09-27T12:00:00-00:00,2021-09-27T13:00:00-00:00,2021-09-27,6,0,SLAP_PGSF-APND,SLAP_PGSF-APND,SLAP_PGSF-APND,DAM,MGHG,LMP_GHG_PRC,SLAP_PGSF-APND,ALL_APNODES,0,0,5
2021-09-27T15:00:00-00:00,2021-09-27T16:00:00-00:00,2021-09-27,9,0,SLAP_PGSF-APND,SLAP_PGSF-APND,SLAP_PGSF-APND,DAM,MGHG,LMP_GHG_PRC,SLAP_PGSF-APND,ALL_APNODES,0,0,5
2021-09-27T08:00:00-00:00,2021-09-27T09:00:00-00:00,2021-09-27,2,0,SLAP_PGSF-APND,SLAP_PGSF-APND,SLAP_PGSF-APND,DAM,MGHG,LMP_GHG_PRC,SLAP_PGSF-APND,ALL_APNODES,0,0,5
2021-09-28T23:00:00-00:00,2021-09-29T00:00:00-00:00,2021-09-28,17,0,SLAP_PGSF-APND,SLAP_PGSF-APND,SLAP_PGSF-APND,DAM,LMP,LMP_PRC,SLAP_PGSF-APND,ALL_APNODES,0,57.85869,6
2021-09-29T00:00:00-00:00,2021-09-29T01:00:00-00:00,2021-09-28,18,0,SLAP_PGSF-APND,SLAP_PGSF-APND,SLAP_PGSF-APND,DAM,LMP,LMP_PRC,SLAP_PGSF-APND,ALL_APNODES,0,71.40072,6
2021-09-28T09:00:00-00:00,2021-09-28T10:00:00-00:00,2021-09-28,3,0,SLAP_PGSF-APND,SLAP_PGSF-APND,SLAP_PGSF-APND,DAM,LMP,LMP_PRC,SLAP_PGSF-APND,ALL_APNODES,0,52.81675,6
2021-09-28T15:00:00-00:00,2021-09-28T16:00:00-00:00,2021-09-28,9,0,SLAP_PGSF-APND,SLAP_PGSF-APND,SLAP_PGSF-APND,DAM,LMP,LMP_PRC,SLAP_PGSF-APND,ALL_APNODES,0,56.27709,6
2021-09-28T16:00:00-00:00,2021-09-28T17:00:00-00:00,2021-09-28,10,0,SLAP_PGSF-APND,SLAP_PGSF-APND,SLAP_PGSF-APND,DAM,LMP,LMP_PRC,SLAP_PGSF-APND,ALL_APNODES,0,48.1536,6
2021-09-28T17:00:00-00:00,2021-09-28T18:00:00-00:00,2021-09-28,11,0,SLAP_PGSF-APND,SLAP_PGSF-APND,SLAP_PGSF-APND,DAM,LMP,LMP_PRC,SLAP_PGSF-APND,ALL_APNODES,0,40.45037,6
2021-09-28T18:00:00-00:00,2021-09-28T19:00:00-00:00,2021-09-28,12,0,SLAP_PGSF-APND,SLAP_PGSF-APND,SLAP_PGSF-APND,DAM,LMP,LMP_PRC,SLAP_PGSF-APND,ALL_APNODES,0,35.96537,6
2021-09-28T22:00:00-00:00,2021-09-28T23:00:00-00:00,2021-09-28,16,0,SLAP_PGSF-APND,SLAP_PGSF-APND,SLAP_PGSF-APND,DAM,LMP,LMP_PRC,SLAP_PGSF-APND,ALL_APNODES,0,50.06369,6
2021-09-29T01:00:00-00:00,2021-09-29T02:00:00-00:00,2021-09-28,19,0,SLAP_PGSF-APND,SLAP_PGSF-APND,SLAP_PGSF-APND,DAM,LMP,LMP_PRC,SLAP_PGSF-APND,ALL_APNODES,0,90.40506,6
2021-09-28T13:00:00-00:00,2021-09-28T14:00:00-00:00,2021-09-28,7,0,SLAP_PGSF-APND,SLAP_PGSF-APND,SLAP_PGSF-APND,DAM,LMP,LMP_PRC,SLAP_PGSF-APND,ALL_APNODES,0,72.96437,6
2021-09-29T04:00:00-00:00,2021-09-29T05:00:00-00:00,2021-09-28,22,0,SLAP_PGSF-APND,SLAP_PGSF-APND,SLAP_PGSF-APND,DAM,LMP,LMP_PRC,SLAP_PGSF-APND,ALL_APNODES,0,70.08103,6
2021-09-28T19:00:00-00:00,2021-09-28T20:00:00-00:00,2021-09-28,13,0,SLAP_PGSF-APND,SLAP_PGSF-APND,SLAP_PGSF-APND,DAM,LMP,LMP_PRC,SLAP_PGSF-APND,ALL_APNODES,0,40.851,6
2021-09-29T03:00:00-00:00,2021-09-29T04:00:00-00:00,2021-09-28,21,0,SLAP_PGSF-APND,SLAP_PGSF-APND,SLAP_PGSF-APND,DAM,LMP,LMP_PRC,SLAP_PGSF-APND,ALL_APNODES,0,73.82768,6
2021-09-29T06:00:00-00:00,2021-09-29T07:00:00-00:00,2021-09-28,24,0,SLAP_PGSF-APND,SLAP_PGSF-APND,SLAP_PGSF-APND,DAM,LMP,LMP_PRC,SLAP_PGSF-APND,ALL_APNODES,0,63.59009,6
2021-09-28T08:00:00-00:00,2021-09-28T09:00:00-00:00,2021-09-28,2,0,SLAP_PGSF-APND,SLAP_PGSF-APND,SLAP_PGSF-APND,DAM,LMP,LMP_PRC,SLAP_PGSF-APND,ALL_APNODES,0,54.31757,6
2021-09-28T11:00:00-00:00,2021-09-28T12:00:00-00:00,2021-09-28,5,0,SLAP_PGSF-APND,SLAP_PGSF-APND,SLAP_PGSF-APND,DAM,LMP,LMP_PRC,SLAP_PGSF-APND,ALL_APNODES,0,53.97616,6
2021-09-29T05:00:00-00:00,2021-09-29T06:00:00-00:00,2021-09-28,23,0,SLAP_PGSF-APND,SLAP_PGSF-APND,SLAP_PGSF-APND,DAM,LMP,LMP_PRC,SLAP_PGSF-APND,ALL_APNODES,0,66.46535,6
2021-09-28T20:00:00-00:00,2021-09-28T21:00:00-00:00,2021-09-28,14,0,SLAP_PGSF-APND,SLAP_PGSF-APND,SLAP_PGSF-APND,DAM,LMP,LMP_PRC,SLAP_PGSF-APND,ALL_APNODES,0,40.2785,6
2021-09-28T14:00:00-00:00,2021-09-28T15:00:00-00:00,2021-09-28,8,0,SLAP_PGSF-APND,SLAP_PGSF-APND,SLAP_PGSF-APND,DAM,LMP,LMP_PRC,SLAP_PGSF-APND,ALL_APNODES,0,67.91205,6
2021-09-28T10:00:00-00:00,2021-09-28T11:00:00-00:00,2021-09-28,4,0,SLAP_PGSF-APND,SLAP_PGSF-APND,SLAP_PGSF-APND,DAM,LMP,LMP_PRC,SLAP_PGSF-APND,ALL_APNODES,0,52.0454,6
2021-09-28T12:00:00-00:00,2021-09-28T13:00:00-00:00,2021-09-28,6,0,SLAP_PGSF-APND,SLAP_PGSF-APND,SLAP_PGSF-APND,DAM,LMP,LMP_PRC,SLAP_PGSF-APND,ALL_APNODES,0,60.96784,6
2021-09-28T07:00:00-00:00,2021-09-28T08:00:00-00:00,2021-09-28,1,0,SLAP_PGSF-APND,SLAP_PGSF-APND,SLAP_PGSF-APND,DAM,LMP,LMP_PRC,SLAP_PGSF-APND,ALL_APNODES,0,55.55287,6
2021-09-29T02:00:00-00:00,2021-09-29T03:00:00-00:00,2021-09-28,20,0,SLAP_PGSF-APND,SLAP_PGSF-APND,SLAP_PGSF-APND,DAM,LMP,LMP_PRC,SLAP_PGSF-APND,ALL_APNODES,0,85.98855,6
2021-09-28T21:00:00-00:00,2021-09-28T22:00:00-00:00,2021-09-28,15,0,SLAP_PGSF-APND,SLAP_PGSF-APND,SLAP_PGSF-APND,DAM,LMP,LMP_PRC,SLAP_PGSF-APND,ALL_APNODES,0,42.75433,6
2021-09-28T18:00:00-00:00,2021-09-28T19:00:00-00:00,2021-09-28,12,0,SLAP_PGSF-APND,SLAP_PGSF-APND,SLAP_PGSF-APND,DAM,MCC,LMP_CONG_PRC,SLAP_PGSF-APND,ALL_APNODES,0,0,7
2021-09-29T03:00:00-00:00,2021-09-29T04:00:00-00:00,2021-09-28,21,0,SLAP_PGSF-APND,SLAP_PGSF-APND,SLAP_PGSF-APND,DAM,MCC,LMP_CONG_PRC,SLAP_PGSF-APND,ALL_APNODES,0,0,7
2021-09-28T22:00:00-00:00,2021-09-28T23:00:00-00:00,2021-09-28,16,0,SLAP_PGSF-APND,SLAP_PGSF-APND,SLAP_PGSF-APND,DAM,MCC,LMP_CONG_PRC,SLAP_PGSF-APND,ALL_APNODES,0,0.04157,7
2021-09-28T09:00:00-00:00,2021-09-28T10:00:00-00:00,2021-09-28,3,0,SLAP_PGSF-APND,SLAP_PGSF-APND,SLAP_PGSF-APND,DAM,MCC,LMP_CONG_PRC,SLAP_PGSF-APND,ALL_APNODES,0,0,7
2021-09-28T19:00:00-00:00,2021-09-28T20:00:00-00:00,2021-09-28,13,0,SLAP_PGSF-APND,SLAP_PGSF-APND,SLAP_PGSF-APND,DAM,MCC,LMP_CONG_PRC,SLAP_PGSF-APND,ALL_APNODES,0,4.57166,7
2021-09-28T16:00:00-00:00,2021-09-28T17:00:00-00:00,2021-09-28,10,0,SLAP_PGSF-APND,SLAP_PGSF-APND,SLAP_PGSF-APND,DAM,MCC,LMP_CONG_PRC,SLAP_PGSF-APND,ALL_APNODES,0,-0.75617,7
2021-09-29T06:00:00-00:00,2021-09-29T07:00:00-00:00,2021-09-28,24,0,SLAP_PGSF-APND,SLAP_PGSF-APND,SLAP_PGSF-APND,DAM,MCC,LMP_CONG_PRC,SLAP_PGSF-APND,ALL_APNODES,0,0,7
2021-09-29T02:00:00-00:00,2021-09-29T03:00:00-00:00,2021-09-28,20,0,SLAP_PGSF-APND,SLAP_PGSF-APND,SLAP_PGSF-APND,DAM,MCC,LMP_CONG_PRC,SLAP_PGSF-APND,ALL_APNODES,0,0,7
2021-09-28T14:00:00-00:00,2021-09-28T15:00:00-00:00,2021-09-28,8,0,SLAP_PGSF-APND,SLAP_PGSF-APND,SLAP_PGSF-APND,DAM,MCC,LMP_CONG_PRC,SLAP_PGSF-APND,ALL_APNODES,0,0,7
2021-09-28T10:00:00-00:00,2021-09-28T11:00:00-00:00,2021-09-28,4,0,SLAP_PGSF-APND,SLAP_PGSF-APND,SLAP_PGSF-APND,DAM,MCC,LMP_CONG_PRC,SLAP_PGSF-APND,ALL_APNODES,0,0,7
2021-09-29T00:00:00-00:00,2021-09-29T01:00:00-00:00,2021-09-28,18,0,SLAP_PGSF-APND,SLAP_PGSF-APND,SLAP_PGSF-APND,DAM,MCC,LMP_CONG_PRC,SLAP_PGSF-APND,ALL_APNODES,0,0,7
2021-09-28T15:00:00-00:00,2021-09-28T16:00:00-00:00,2021-09-28,9,0,SLAP_PGSF-APND,SLAP_PGSF-APND,SLAP_PGSF-APND,DAM,MCC,LMP_CONG_PRC,SLAP_PGSF-APND,ALL_APNODES,0,-0.14643,7
2021-09-29T05:00:00-00:00,2021-09-29T06:00:00-00:00,2021-09-28,23,0,SLAP_PGSF-APND,SLAP_PGSF-APND,SLAP_PGSF-APND,DAM,MCC,LMP_CONG_PRC,SLAP_PGSF-APND,ALL_APNODES,0,0,7
2021-09-29T04:00:00-00:00,2021-09-29T05:00:00-00:00,2021-09-28,22,0,SLAP_PGSF-APND,SLAP_PGSF-APND,SLAP_PGSF-APND,DAM,MCC,LMP_CONG_PRC,SLAP_PGSF-APND,ALL_APNODES,0,0,7
2021-09-28T13:00:00-00:00,2021-09-28T14:00:00-00:00,2021-09-28,7,0,SLAP_PGSF-APND,SLAP_PGSF-APND,SLAP_PGSF-APND,DAM,MCC,LMP_CONG_PRC,SLAP_PGSF-APND,ALL_APNODES,0,0,7
2021-09-28T08:00:00-00:00,2021-09-28T09:00:00-00:00,2021-09-28,2,0,SLAP_PGSF-APND,SLAP_PGSF-APND,SLAP_PGSF-APND,DAM,MCC,LMP_CONG_PRC,SLAP_PGSF-APND,ALL_APNODES,0,0,7
2021-09-28T23:00:00-00:00,2021-09-29T00:00:00-00:00,2021-09-28,17,0,SLAP_PGSF-APND,SLAP_PGSF-APND,SLAP_PGSF-APND,DAM,MCC,LMP_CONG_PRC,SLAP_PGSF-APND,ALL_APNODES,0,0,7
2021-09-28T17:00:00-00:00,2021-09-28T18:00:00-00:00,2021-09-28,11,0,SLAP_PGSF-APND,SLAP_PGSF-APND,SLAP_PGSF-APND,DAM,MCC,LMP_CONG_PRC,SLAP_PGSF-APND,ALL_APNODES,0,-1.60645,7
2021-09-28T11:00:00-00:00,2021-09-28T12:00:00-00:00,2021-09-28,5,0,SLAP_PGSF-APND,SLAP_PGSF-APND,SLAP_PGSF-APND,DAM,MCC,LMP_CONG_PRC,SLAP_PGSF-APND,ALL_APNODES,0,0,7
2021-09-28T07:00:00-00:00,2021-09-28T08:00:00-00:00,2021-09-28,1,0,SLAP_PGSF-APND,SLAP_PGSF-APND,SLAP_PGSF-APND,DAM,MCC,LMP_CONG_PRC,SLAP_PGSF-APND,ALL_APNODES,0,0,7
2021-09-28T12:00:00-00:00,2021-09-28T13:00:00-00:00,2021-09-28,6,0,SLAP_PGSF-APND,SLAP_PGSF-APND,SLAP_PGSF-APND,DAM,MCC,LMP_CONG_PRC,SLAP_PGSF-APND,ALL_APNODES,0,0,7
2021-09-29T01:00:00-00:00,2021-09-29T02:00:00-00:00,2021-09-28,19,0,SLAP_PGSF-APND,SLAP_PGSF-APND,SLAP_PGSF-APND,DAM,MCC,LMP_CONG_PRC,SLAP_PGSF-APND,ALL_APNODES,0,0,7
2021-09-28T21:00:00-00:00,2021-09-28T22:00:00-00:00,2021-09-28,15,0,SLAP_PGSF-APND,SLAP_PGSF-APND,SLAP_PGSF-APND,DAM,MCC,LMP_CONG_PRC,SLAP_PGSF-APND,ALL_APNODES,0,2.1243,7
2021-09-28T20:00:00-00:00,2021-09-28T21:00:00-00:00,2021-09-28,14,0,SLAP_PGSF-APND,SLAP_PGSF-APND,SLAP_PGSF-APND,DAM,MCC,LMP_CONG_PRC,SLAP_PGSF-APND,ALL_APNODES,0,3.70584,7
2021-09-28T08:00:00-00:00,2021-09-28T09:00:00-00:00,2021-09-28,2,0,SLAP_PGSF-APND,SLAP_PGSF-APND,SLAP_PGSF-APND,DAM,MCE,LMP_ENE_PRC,SLAP_PGSF-APND,ALL_APNODES,0,52.21839,8
2021-09-28T17:00:00-00:00,2021-09-28T18:00:00-00:00,2021-09-28,11,0,SLAP_PGSF-APND,SLAP_PGSF-APND,SLAP_PGSF-APND,DAM,MCE,LMP_ENE_PRC,SLAP_PGSF-APND,ALL_APNODES,0,38.17101,8
2021-09-28T14:00:00-00:00,2021-09-28T15:00:00-00:00,2021-09-28,8,0,SLAP_PGSF-APND,SLAP_PGSF-APND,SLAP_PGSF-APND,DAM,MCE,LMP_ENE_PRC,SLAP_PGSF-APND,ALL_APNODES,0,64.5,8
2021-09-28T10:00:00-00:00,2021-09-28T11:00:00-00:00,2021-09-28,4,0,SLAP_PGSF-APND,SLAP_PGSF-APND,SLAP_PGSF-APND,DAM,MCE,LMP_ENE_PRC,SLAP_PGSF-APND,ALL_APNODES,0,50.08218,8
2021-09-29T01:00:00-00:00,2021-09-29T02:00:00-00:00,2021-09-28,19,0,SLAP_PGSF-APND,SLAP_PGSF-APND,SLAP_PGSF-APND,DAM,MCE,LMP_ENE_PRC,SLAP_PGSF-APND,ALL_APNODES,0,87.4662,8
2021-09-28T15:00:00-00:00,2021-09-28T16:00:00-00:00,2021-09-28,9,0,SLAP_PGSF-APND,SLAP_PGSF-APND,SLAP_PGSF-APND,DAM,MCE,LMP_ENE_PRC,SLAP_PGSF-APND,ALL_APNODES,0,52.27304,8
2021-09-29T00:00:00-00:00,2021-09-29T01:00:00-00:00,2021-09-28,18,0,SLAP_PGSF-APND,SLAP_PGSF-APND,SLAP_PGSF-APND,DAM,MCE,LMP_ENE_PRC,SLAP_PGSF-APND,ALL_APNODES,0,68.50962,8
2021-09-28T19:00:00-00:00,2021-09-28T20:00:00-00:00,2021-09-28,13,0,SLAP_PGSF-APND,SLAP_PGSF-APND,SLAP_PGSF-APND,DAM,MCE,LMP_ENE_PRC,SLAP_PGSF-APND,ALL_APNODES,0,32.97522,8
2021-09-28T22:00:00-00:00,2021-09-28T23:00:00-00:00,2021-09-28,16,0,SLAP_PGSF-APND,SLAP_PGSF-APND,SLAP_PGSF-APND,DAM,MCE,LMP_ENE_PRC,SLAP_PGSF-APND,ALL_APNODES,0,46.32535,8
2021-09-28T21:00:00-00:00,2021-09-28T22:00:00-00:00,2021-09-28,15,0,SLAP_PGSF-APND,SLAP_PGSF-APND,SLAP_PGSF-APND,DAM,MCE,LMP_ENE_PRC,SLAP_PGSF-APND,ALL_APNODES,0,37.53351,8
2021-09-28T20:00:00-00:00,2021-09-28T21:00:00-00:00,2021-09-28,14,0,SLAP_PGSF-APND,SLAP_PGSF-APND,SLAP_PGSF-APND,DAM,MCE,LMP_ENE_PRC,SLAP_PGSF-APND,ALL_APNODES,0,33.11542,8
2021-09-28T09:00:00-00:00,2021-09-28T10:00:00-00:00,2021-09-28,3,0,SLAP_PGSF-APND,SLAP_PGSF-APND,SLAP_PGSF-APND,DAM,MCE,LMP_ENE_PRC,SLAP_PGSF-APND,ALL_APNODES,0,50.82933,8
2021-09-28T16:00:00-00:00,2021-09-28T17:00:00-00:00,2021-09-28,10,0,SLAP_PGSF-APND,SLAP_PGSF-APND,SLAP_PGSF-APND,DAM,MCE,LMP_ENE_PRC,SLAP_PGSF-APND,ALL_APNODES,0,44.5282,8
2021-09-29T05:00:00-00:00,2021-09-29T06:00:00-00:00,2021-09-28,23,0,SLAP_PGSF-APND,SLAP_PGSF-APND,SLAP_PGSF-APND,DAM,MCE,LMP_ENE_PRC,SLAP_PGSF-APND,ALL_APNODES,0,63.90285,8
2021-09-29T03:00:00-00:00,2021-09-29T04:00:00-00:00,2021-09-28,21,0,SLAP_PGSF-APND,SLAP_PGSF-APND,SLAP_PGSF-APND,DAM,MCE,LMP_ENE_PRC,SLAP_PGSF-APND,ALL_APNODES,0,70.8587,8
2021-09-28T13:00:00-00:00,2021-09-28T14:00:00-00:00,2021-09-28,7,0,SLAP_PGSF-APND,SLAP_PGSF-APND,SLAP_PGSF-APND,DAM,MCE,LMP_ENE_PRC,SLAP_PGSF-APND,ALL_APNODES,0,70.30677,8
2021-09-28T07:00:00-00:00,2021-09-28T08:00:00-00:00,2021-09-28,1,0,SLAP_PGSF-APND,SLAP_PGSF-APND,SLAP_PGSF-APND,DAM,MCE,LMP_ENE_PRC,SLAP_PGSF-APND,ALL_APNODES,0,52.95793,8
2021-09-29T06:00:00-00:00,2021-09-29T07:00:00-00:00,2021-09-28,24,0,SLAP_PGSF-APND,SLAP_PGSF-APND,SLAP_PGSF-APND,DAM,MCE,LMP_ENE_PRC,SLAP_PGSF-APND,ALL_APNODES,0,61.59443,8
2021-09-28T23:00:00-00:00,2021-09-29T00:00:00-00:00,2021-09-28,17,0,SLAP_PGSF-APND,SLAP_PGSF-APND,SLAP_PGSF-APND,DAM,MCE,LMP_ENE_PRC,SLAP_PGSF-APND,ALL_APNODES,0,54.32231,8
2021-09-28T11:00:00-00:00,2021-09-28T12:00:00-00:00,2021-09-28,5,0,SLAP_PGSF-APND,SLAP_PGSF-APND,SLAP_PGSF-APND,DAM,MCE,LMP_ENE_PRC,SLAP_PGSF-APND,ALL_APNODES,0,51.93012,8
2021-09-29T04:00:00-00:00,2021-09-29T05:00:00-00:00,2021-09-28,22,0,SLAP_PGSF-APND,SLAP_PGSF-APND,SLAP_PGSF-APND,DAM,MCE,LMP_ENE_PRC,SLAP_PGSF-APND,ALL_APNODES,0,67.43748,8
2021-09-28T18:00:00-00:00,2021-09-28T19:00:00-00:00,2021-09-28,12,0,SLAP_PGSF-APND,SLAP_PGSF-APND,SLAP_PGSF-APND,DAM,MCE,LMP_ENE_PRC,SLAP_PGSF-APND,ALL_APNODES,0,32.66906,8
2021-09-28T12:00:00-00:00,2021-09-28T13:00:00-00:00,2021-09-28,6,0,SLAP_PGSF-APND,SLAP_PGSF-APND,SLAP_PGSF-APND,DAM,MCE,LMP_ENE_PRC,SLAP_PGSF-APND,ALL_APNODES,0,58.65112,8
2021-09-29T02:00:00-00:00,2021-09-29T03:00:00-00:00,2021-09-28,20,0,SLAP_PGSF-APND,SLAP_PGSF-APND,SLAP_PGSF-APND,DAM,MCE,LMP_ENE_PRC,SLAP_PGSF-APND,ALL_APNODES,0,82.99252,8
2021-09-28T18:00:00-00:00,2021-09-28T19:00:00-00:00,2021-09-28,12,0,SLAP_PGSF-APND,SLAP_PGSF-APND,SLAP_PGSF-APND,DAM,MCL,LMP_LOSS_PRC,SLAP_PGSF-APND,ALL_APNODES,0,3.29631,9
2021-09-28T14:00:00-00:00,2021-09-28T15:00:00-00:00,2021-09-28,8,0,SLAP_PGSF-APND,SLAP_PGSF-APND,SLAP_PGSF-APND,DAM,MCL,LMP_LOSS_PRC,SLAP_PGSF-APND,ALL_APNODES,0,3.41205,9
2021-09-28T15:00:00-00:00,2021-09-28T16:00:00-00:00,2021-09-28,9,0,SLAP_PGSF-APND,SLAP_PGSF-APND,SLAP_PGSF-APND,DAM,MCL,LMP_LOSS_PRC,SLAP_PGSF-APND,ALL_APNODES,0,4.15048,9
2021-09-28T11:00:00-00:00,2021-09-28T12:00:00-00:00,2021-09-28,5,0,SLAP_PGSF-APND,SLAP_PGSF-APND,SLAP_PGSF-APND,DAM,MCL,LMP_LOSS_PRC,SLAP_PGSF-APND,ALL_APNODES,0,2.04605,9
2021-09-29T04:00:00-00:00,2021-09-29T05:00:00-00:00,2021-09-28,22,0,SLAP_PGSF-APND,SLAP_PGSF-APND,SLAP_PGSF-APND,DAM,MCL,LMP_LOSS_PRC,SLAP_PGSF-APND,ALL_APNODES,0,2.64355,9
2021-09-28T19:00:00-00:00,2021-09-28T20:00:00-00:00,2021-09-28,13,0,SLAP_PGSF-APND,SLAP_PGSF-APND,SLAP_PGSF-APND,DAM,MCL,LMP_LOSS_PRC,SLAP_PGSF-APND,ALL_APNODES,0,3.30412,9
2021-09-28T17:00:00-00:00,2021-09-28T18:00:00-00:00,2021-09-28,11,0,SLAP_PGSF-APND,SLAP_PGSF-APND,SLAP_PGSF-APND,DAM,MCL,LMP_LOSS_PRC,SLAP_PGSF-APND,ALL_APNODES,0,3.88581,9
2021-09-28T23:00:00-00:00,2021-09-29T00:00:00-00:00,2021-09-28,17,0,SLAP_PGSF-APND,SLAP_PGSF-APND,SLAP_PGSF-APND,DAM,MCL,LMP_LOSS_PRC,SLAP_PGSF-APND,ALL_APNODES,0,3.53638,9
2021-09-28T09:00:00-00:00,2021-09-28T10:00:00-00:00,2021-09-28,3,0,SLAP_PGSF-APND,SLAP_PGSF-APND,SLAP_PGSF-APND,DAM,MCL,LMP_LOSS_PRC,SLAP_PGSF-APND,ALL_APNODES,0,1.98743,9
2021-09-28T20:00:00-00:00,2021-09-28T21:00:00-00:00,2021-09-28,14,0,SLAP_PGSF-APND,SLAP_PGSF-APND,SLAP_PGSF-APND,DAM,MCL,LMP_LOSS_PRC,SLAP_PGSF-APND,ALL_APNODES,0,3.45725,9
2021-09-28T08:00:00-00:00,2021-09-28T09:00:00-00:00,2021-09-28,2,0,SLAP_PGSF-APND,SLAP_PGSF-APND,SLAP_PGSF-APND,DAM,MCL,LMP_LOSS_PRC,SLAP_PGSF-APND,ALL_APNODES,0,2.09918,9
2021-09-28T10:00:00-00:00,2021-09-28T11:00:00-00:00,2021-09-28,4,0,SLAP_PGSF-APND,SLAP_PGSF-APND,SLAP_PGSF-APND,DAM,MCL,LMP_LOSS_PRC,SLAP_PGSF-APND,ALL_APNODES,0,1.96322,9
2021-09-28T12:00:00-00:00,2021-09-28T13:00:00-00:00,2021-09-28,6,0,SLAP_PGSF-APND,SLAP_PGSF-APND,SLAP_PGSF-APND,DAM,MCL,LMP_LOSS_PRC,SLAP_PGSF-APND,ALL_APNODES,0,2.31672,9
2021-09-29T03:00:00-00:00,2021-09-29T04:00:00-00:00,2021-09-28,21,0,SLAP_PGSF-APND,SLAP_PGSF-APND,SLAP_PGSF-APND,DAM,MCL,LMP_LOSS_PRC,SLAP_PGSF-APND,ALL_APNODES,0,2.96898,9
2021-09-28T16:00:00-00:00,2021-09-28T17:00:00-00:00,2021-09-28,10,0,SLAP_PGSF-APND,SLAP_PGSF-APND,SLAP_PGSF-APND,DAM,MCL,LMP_LOSS_PRC,SLAP_PGSF-APND,ALL_APNODES,0,4.38158,9
2021-09-28T21:00:00-00:00,2021-09-28T22:00:00-00:00,2021-09-28,15,0,SLAP_PGSF-APND,SLAP_PGSF-APND,SLAP_PGSF-APND,DAM,MCL,LMP_LOSS_PRC,SLAP_PGSF-APND,ALL_APNODES,0,3.09651,9
2021-09-28T22:00:00-00:00,2021-09-28T23:00:00-00:00,2021-09-28,16,0,SLAP_PGSF-APND,SLAP_PGSF-APND,SLAP_PGSF-APND,DAM,MCL,LMP_LOSS_PRC,SLAP_PGSF-APND,ALL_APNODES,0,3.69676,9
2021-09-29T00:00:00-00:00,2021-09-29T01:00:00-00:00,2021-09-28,18,0,SLAP_PGSF-APND,SLAP_PGSF-APND,SLAP_PGSF-APND,DAM,MCL,LMP_LOSS_PRC,SLAP_PGSF-APND,ALL_APNODES,0,2.89111,9
2021-09-28T13:00:00-00:00,2021-09-28T14:00:00-00:00,2021-09-28,7,0,SLAP_PGSF-APND,SLAP_PGSF-APND,SLAP_PGSF-APND,DAM,MCL,LMP_LOSS_PRC,SLAP_PGSF-APND,ALL_APNODES,0,2.6576,9
2021-09-29T05:00:00-00:00,2021-09-29T06:00:00-00:00,2021-09-28,23,0,SLAP_PGSF-APND,SLAP_PGSF-APND,SLAP_PGSF-APND,DAM,MCL,LMP_LOSS_PRC,SLAP_PGSF-APND,ALL_APNODES,0,2.5625,9
2021-09-29T01:00:00-00:00,2021-09-29T02:00:00-00:00,2021-09-28,19,0,SLAP_PGSF-APND,SLAP_PGSF-APND,SLAP_PGSF-APND,DAM,MCL,LMP_LOSS_PRC,SLAP_PGSF-APND,ALL_APNODES,0,2.93886,9
2021-09-28T07:00:00-00:00,2021-09-28T08:00:00-00:00,2021-09-28,1,0,SLAP_PGSF-APND,SLAP_PGSF-APND,SLAP_PGSF-APND,DAM,MCL,LMP_LOSS_PRC,SLAP_PGSF-APND,ALL_APNODES,0,2.59494,9
2021-09-29T02:00:00-00:00,2021-09-29T03:00:00-00:00,2021-09-28,20,0,SLAP_PGSF-APND,SLAP_PGSF-APND,SLAP_PGSF-APND,DAM,MCL,LMP_LOSS_PRC,SLAP_PGSF-APND,ALL_APNODES,0,2.99603,9
2021-09-29T06:00:00-00:00,2021-09-29T07:00:00-00:00,2021-09-28,24,0,SLAP_PGSF-APND,SLAP_PGSF-APND,SLAP_PGSF-APND,DAM,MCL,LMP_LOSS_PRC,SLAP_PGSF-APND,ALL_APNODES,0,1.99566,9
2021-09-28T21:00:00-00:00,2021-09-28T22:00:00-00:00,2021-09-28,15,0,SLAP_PGSF-APND,SLAP_PGSF-APND,SLAP_PGSF-APND,DAM,MGHG,LMP_GHG_PRC,SLAP_PGSF-APND,ALL_APNODES,0,0,10
2021-09-28T13:00:00-00:00,2021-09-28T14:00:00-00:00,2021-09-28,7,0,SLAP_PGSF-APND,SLAP_PGSF-APND,SLAP_PGSF-APND,DAM,MGHG,LMP_GHG_PRC,SLAP_PGSF-APND,ALL_APNODES,0,0,10
2021-09-28T08:00:00-00:00,2021-09-28T09:00:00-00:00,2021-09-28,2,0,SLAP_PGSF-APND,SLAP_PGSF-APND,SLAP_PGSF-APND,DAM,MGHG,LMP_GHG_PRC,SLAP_PGSF-APND,ALL_APNODES,0,0,10
2021-09-29T03:00:00-00:00,2021-09-29T04:00:00-00:00,2021-09-28,21,0,SLAP_PGSF-APND,SLAP_PGSF-APND,SLAP_PGSF-APND,DAM,MGHG,LMP_GHG_PRC,SLAP_PGSF-APND,ALL_APNODES,0,0,10
2021-09-29T04:00:00-00:00,2021-09-29T05:00:00-00:00,2021-09-28,22,0,SLAP_PGSF-APND,SLAP_PGSF-APND,SLAP_PGSF-APND,DAM,MGHG,LMP_GHG_PRC,SLAP_PGSF-APND,ALL_APNODES,0,0,10
2021-09-28T15:00:00-00:00,2021-09-28T16:00:00-00:00,2021-09-28,9,0,SLAP_PGSF-APND,SLAP_PGSF-APND,SLAP_PGSF-APND,DAM,MGHG,LMP_GHG_PRC,SLAP_PGSF-APND,ALL_APNODES,0,0,10
2021-09-29T00:00:00-00:00,2021-09-29T01:00:00-00:00,2021-09-28,18,0,SLAP_PGSF-APND,SLAP_PGSF-APND,SLAP_PGSF-APND,DAM,MGHG,LMP_GHG_PRC,SLAP_PGSF-APND,ALL_APNODES,0,0,10
2021-09-29T01:00:00-00:00,2021-09-29T02:00:00-00:00,2021-09-28,19,0,SLAP_PGSF-APND,SLAP_PGSF-APND,SLAP_PGSF-APND,DAM,MGHG,LMP_GHG_PRC,SLAP_PGSF-APND,ALL_APNODES,0,0,10
2021-09-28T09:00:00-00:00,2021-09-28T10:00:00-00:00,2021-09-28,3,0,SLAP_PGSF-APND,SLAP_PGSF-APND,SLAP_PGSF-APND,DAM,MGHG,LMP_GHG_PRC,SLAP_PGSF-APND,ALL_APNODES,0,0,10
2021-09-28T14:00:00-00:00,2021-09-28T15:00:00-00:00,2021-09-28,8,0,SLAP_PGSF-APND,SLAP_PGSF-APND,SLAP_PGSF-APND,DAM,MGHG,LMP_GHG_PRC,SLAP_PGSF-APND,ALL_APNODES,0,0,10
2021-09-29T05:00:00-00:00,2021-09-29T06:00:00-00:00,2021-09-28,23,0,SLAP_PGSF-APND,SLAP_PGSF-APND,SLAP_PGSF-APND,DAM,MGHG,LMP_GHG_PRC,SLAP_PGSF-APND,ALL_APNODES,0,0,10
2021-09-28T17:00:00-00:00,2021-09-28T18:00:00-00:00,2021-09-28,11,0,SLAP_PGSF-APND,SLAP_PGSF-APND,SLAP_PGSF-APND,DAM,MGHG,LMP_GHG_PRC,SLAP_PGSF-APND,ALL_APNODES,0,0,10
2021-09-28T22:00:00-00:00,2021-09-28T23:00:00-00:00,2021-09-28,16,0,SLAP_PGSF-APND,SLAP_PGSF-APND,SLAP_PGSF-APND,DAM,MGHG,LMP_GHG_PRC,SLAP_PGSF-APND,ALL_APNODES,0,0,10
2021-09-28T10:00:00-00:00,2021-09-28T11:00:00-00:00,2021-09-28,4,0,SLAP_PGSF-APND,SLAP_PGSF-APND,SLAP_PGSF-APND,DAM,MGHG,LMP_GHG_PRC,SLAP_PGSF-APND,ALL_APNODES,0,0,10
2021-09-28T12:00:00-00:00,2021-09-28T13:00:00-00:00,2021-09-28,6,0,SLAP_PGSF-APND,SLAP_PGSF-APND,SLAP_PGSF-APND,DAM,MGHG,LMP_GHG_PRC,SLAP_PGSF-APND,ALL_APNODES,0,0,10
2021-09-29T06:00:00-00:00,2021-09-29T07:00:00-00:00,2021-09-28,24,0,SLAP_PGSF-APND,SLAP_PGSF-APND,SLAP_PGSF-APND,DAM,MGHG,LMP_GHG_PRC,SLAP_PGSF-APND,ALL_APNODES,0,0,10
2021-09-28T19:00:00-00:00,2021-09-28T20:00:00-00:00,2021-09-28,13,0,SLAP_PGSF-APND,SLAP_PGSF-APND,SLAP_PGSF-APND,DAM,MGHG,LMP_GHG_PRC,SLAP_PGSF-APND,ALL_APNODES,0,0,10
2021-09-28T11:00:00-00:00,2021-09-28T12:00:00-00:00,2021-09-28,5,0,SLAP_PGSF-APND,SLAP_PGSF-APND,SLAP_PGSF-APND,DAM,MGHG,LMP_GHG_PRC,SLAP_PGSF-APND,ALL_APNODES,0,0,10
2021-09-28T16:00:00-00:00,2021-09-28T17:00:00-00:00,2021-09-28,10,0,SLAP_PGSF-APND,SLAP_PGSF-APND,SLAP_PGSF-APND,DAM,MGHG,LMP_GHG_PRC,SLAP_PGSF-APND,ALL_APNODES,0,0,10
2021-09-29T02:00:00-00:00,2021-09-29T03:00:00-00:00,2021-09-28,20,0,SLAP_PGSF-APND,SLAP_PGSF-APND,SLAP_PGSF-APND,DAM,MGHG,LMP_GHG_PRC,SLAP_PGSF-APND,ALL_APNODES,0,0,10
2021-09-28T18:00:00-00:00,2021-09-28T19:00:00-00:00,2021-09-28,12,0,SLAP_PGSF-APND,SLAP_PGSF-APND,SLAP_PGSF-APND,DAM,MGHG,LMP_GHG_PRC,SLAP_PGSF-APND,ALL_APNODES,0,0,10
2021-09-28T20:00:00-00:00,2021-09-28T21:00:00-00:00,2021-09-28,14,0,SLAP_PGSF-APND,SLAP_PGSF-APND,SLAP_PGSF-APND,DAM,MGHG,LMP_GHG_PRC,SLAP_PGSF-APND,ALL_APNODES,0,0,10
2021-09-28T07:00:00-00:00,2021-09-28T08:00:00-00:00,2021-09-28,1,0,SLAP_PGSF-APND,SLAP_PGSF-APND,SLAP_PGSF-APND,DAM,MGHG,LMP_GHG_PRC,SLAP_PGSF-APND,ALL_APNODES,0,0,10
2021-09-28T23:00:00-00:00,2021-09-29T00:00:00-00:00,2021-09-28,17,0,SLAP_PGSF-APND,SLAP_PGSF-APND,SLAP_PGSF-APND,DAM,MGHG,LMP_GHG_PRC,SLAP_PGSF-APND,ALL_APNODES,0,0,10
2021-09-30T05:00:00-00:00,2021-09-30T06:00:00-00:00,2021-09-29,23,0,SLAP_PGSF-APND,SLAP_PGSF-APND,SLAP_PGSF-APND,DAM,LMP,LMP_PRC,SLAP_PGSF-APND,ALL_APNODES,0,70.48101,11
2021-09-30T00:00:00-00:00,2021-09-30T01:00:00-00:00,2021-09-29,18,0,SLAP_PGSF-APND,SLAP_PGSF-APND,SLAP_PGSF-APND,DAM,LMP,LMP_PRC,SLAP_PGSF-APND,ALL_APNODES,0,80.71364,11
2021-09-29T17:00:00-00:00,2021-09-29T18:00:00-00:00,2021-09-29,11,0,SLAP_PGSF-APND,SLAP_PGSF-APND,SLAP_PGSF-APND,DAM,LMP,LMP_PRC,SLAP_PGSF-APND,ALL_APNODES,0,55.10327,11
2021-09-29T19:00:00-00:00,2021-09-29T20:00:00-00:00,2021-09-29,13,0,SLAP_PGSF-APND,SLAP_PGSF-APND,SLAP_PGSF-APND,DAM,LMP,LMP_PRC,SLAP_PGSF-APND,ALL_APNODES,0,55.87488,11
2021-09-29T21:00:00-00:00,2021-09-29T22:00:00-00:00,2021-09-29,15,0,SLAP_PGSF-APND,SLAP_PGSF-APND,SLAP_PGSF-APND,DAM,LMP,LMP_PRC,SLAP_PGSF-APND,ALL_APNODES,0,58.51748,11
2021-09-29T10:00:00-00:00,2021-09-29T11:00:00-00:00,2021-09-29,4,0,SLAP_PGSF-APND,SLAP_PGSF-APND,SLAP_PGSF-APND,DAM,LMP,LMP_PRC,SLAP_PGSF-APND,ALL_APNODES,0,55.98426,11
2021-09-30T03:00:00-00:00,2021-09-30T04:00:00-00:00,2021-09-29,21,0,SLAP_PGSF-APND,SLAP_PGSF-APND,SLAP_PGSF-APND,DAM,LMP,LMP_PRC,SLAP_PGSF-APND,ALL_APNODES,0,80.39125,11
2021-09-29T18:00:00-00:00,2021-09-29T19:00:00-00:00,2021-09-29,12,0,SLAP_PGSF-APND,SLAP_PGSF-APND,SLAP_PGSF-APND,DAM,LMP,LMP_PRC,SLAP_PGSF-APND,ALL_APNODES,0,54.48896,11
2021-09-29T22:00:00-00:00,2021-09-29T23:00:00-00:00,2021-09-29,16,0,SLAP_PGSF-APND,SLAP_PGSF-APND,SLAP_PGSF-APND,DAM,LMP,LMP_PRC,SLAP_PGSF-APND,ALL_APNODES,0,61.97745,11
2021-09-29T09:00:00-00:00,2021-09-29T10:00:00-00:00,2021-09-29,3,0,SLAP_PGSF-APND,SLAP_PGSF-APND,SLAP_PGSF-APND,DAM,LMP,LMP_PRC,SLAP_PGSF-APND,ALL_APNODES,0,56.62432,11
2021-09-30T01:00:00-00:00,2021-09-30T02:00:00-00:00,2021-09-29,19,0,SLAP_PGSF-APND,SLAP_PGSF-APND,SLAP_PGSF-APND,DAM,LMP,LMP_PRC,SLAP_PGSF-APND,ALL_APNODES,0,91.04723,11
2021-09-29T13:00:00-00:00,2021-09-29T14:00:00-00:00,2021-09-29,7,0,SLAP_PGSF-APND,SLAP_PGSF-APND,SLAP_PGSF-APND,DAM,LMP,LMP_PRC,SLAP_PGSF-APND,ALL_APNODES,0,84.50205,11
2021-09-29T23:00:00-00:00,2021-09-30T00:00:00-00:00,2021-09-29,17,0,SLAP_PGSF-APND,SLAP_PGSF-APND,SLAP_PGSF-APND,DAM,LMP,LMP_PRC,SLAP_PGSF-APND,ALL_APNODES,0,68.91589,11
2021-09-29T08:00:00-00:00,2021-09-29T09:00:00-00:00,2021-09-29,2,0,SLAP_PGSF-APND,SLAP_PGSF-APND,SLAP_PGSF-APND,DAM,LMP,LMP_PRC,SLAP_PGSF-APND,ALL_APNODES,0,58.11082,11
2021-09-29T14:00:00-00:00,2021-09-29T15:00:00-00:00,2021-09-29,8,0,SLAP_PGSF-APND,SLAP_PGSF-APND,SLAP_PGSF-APND,DAM,LMP,LMP_PRC,SLAP_PGSF-APND,ALL_APNODES,0,85.09855,11
2021-09-29T20:00:00-00:00,2021-09-29T21:00:00-00:00,2021-09-29,14,0,SLAP_PGSF-APND,SLAP_PGSF-APND,SLAP_PGSF-APND,DAM,LMP,LMP_PRC,SLAP_PGSF-APND,ALL_APNODES,0,58.25696,11
2021-09-29T07:00:00-00:00,2021-09-29T08:00:00-00:00,2021-09-29,1,0,SLAP_PGSF-APND,SLAP_PGSF-APND,SLAP_PGSF-APND,DAM,LMP,LMP_PRC,SLAP_PGSF-APND,ALL_APNODES,0,61.22151,11
2021-09-29T11:00:00-00:00,2021-09-29T12:00:00-00:00,2021-09-29,5,0,SLAP_PGSF-APND,SLAP_PGSF-APND,SLAP_PGSF-APND,DAM,LMP,LMP_PRC,SLAP_PGSF-APND,ALL_APNODES,0,56.74699,11
2021-09-29T12:00:00-00:00,2021-09-29T13:00:00-00:00,2021-09-29,6,0,SLAP_PGSF-APND,SLAP_PGSF-APND,SLAP_PGSF-APND,DAM,LMP,LMP_PRC,SLAP_PGSF-APND,ALL_APNODES,0,67.13468,11
2021-09-30T02:00:00-00:00,2021-09-30T03:00:00-00:00,2021-09-29,20,0,SLAP_PGSF-APND,SLAP_PGSF-APND,SLAP_PGSF-APND,DAM,LMP,LMP_PRC,SLAP_PGSF-APND,ALL_APNODES,0,86.86466,11
2021-09-30T06:00:00-00:00,2021-09-30T07:00:00-00:00,2021-09-29,24,0,SLAP_PGSF-APND,SLAP_PGSF-APND,SLAP_PGSF-APND,DAM,LMP,LMP_PRC,SLAP_PGSF-APND,ALL_APNODES,0,66.43282,11
2021-09-30T04:00:00-00:00,2021-09-30T05:00:00-00:00,2021-09-29,22,0,SLAP_PGSF-APND,SLAP_PGSF-APND,SLAP_PGSF-APND,DAM,LMP,LMP_PRC,SLAP_PGSF-APND,ALL_APNODES,0,76.05038,11
2021-09-29T15:00:00-00:00,2021-09-29T16:00:00-00:00,2021-09-29,9,0,SLAP_PGSF-APND,SLAP_PGSF-APND,SLAP_PGSF-APND,DAM,LMP,LMP_PRC,SLAP_PGSF-APND,ALL_APNODES,0,65.6226,11
2021-09-29T16:00:00-00:00,2021-09-29T17:00:00-00:00,2021-09-29,10,0,SLAP_PGSF-APND,SLAP_PGSF-APND,SLAP_PGSF-APND,DAM,LMP,LMP_PRC,SLAP_PGSF-APND,ALL_APNODES,0,58.35788,11
2021-09-30T03:00:00-00:00,2021-09-30T04:00:00-00:00,2021-09-29,21,0,SLAP_PGSF-APND,SLAP_PGSF-APND,SLAP_PGSF-APND,DAM,MCC,LMP_CONG_PRC,SLAP_PGSF-APND,ALL_APNODES,0,0,12
2021-09-29T12:00:00-00:00,2021-09-29T13:00:00-00:00,2021-09-29,6,0,SLAP_PGSF-APND,SLAP_PGSF-APND,SLAP_PGSF-APND,DAM,MCC,LMP_CONG_PRC,SLAP_PGSF-APND,ALL_APNODES,0,0,12
2021-09-29T13:00:00-00:00,2021-09-29T14:00:00-00:00,2021-09-29,7,0,SLAP_PGSF-APND,SLAP_PGSF-APND,SLAP_PGSF-APND,DAM,MCC,LMP_CONG_PRC,SLAP_PGSF-APND,ALL_APNODES,0,0,12
2021-09-30T01:00:00-00:00,2021-09-30T02:00:00-00:00,2021-09-29,19,0,SLAP_PGSF-APND,SLAP_PGSF-APND,SLAP_PGSF-APND,DAM,MCC,LMP_CONG_PRC,SLAP_PGSF-APND,ALL_APNODES,0,-3.58725,12
2021-09-30T06:00:00-00:00,2021-09-30T07:00:00-00:00,2021-09-29,24,0,SLAP_PGSF-APND,SLAP_PGSF-APND,SLAP_PGSF-APND,DAM,MCC,LMP_CONG_PRC,SLAP_PGSF-APND,ALL_APNODES,0,0,12
2021-09-29T16:00:00-00:00,2021-09-29T17:00:00-00:00,2021-09-29,10,0,SLAP_PGSF-APND,SLAP_PGSF-APND,SLAP_PGSF-APND,DAM,MCC,LMP_CONG_PRC,SLAP_PGSF-APND,ALL_APNODES,0,0.4095,12
2021-09-29T21:00:00-00:00,2021-09-29T22:00:00-00:00,2021-09-29,15,0,SLAP_PGSF-APND,SLAP_PGSF-APND,SLAP_PGSF-APND,DAM,MCC,LMP_CONG_PRC,SLAP_PGSF-APND,ALL_APNODES,0,0,12
2021-09-30T02:00:00-00:00,2021-09-30T03:00:00-00:00,2021-09-29,20,0,SLAP_PGSF-APND,SLAP_PGSF-APND,SLAP_PGSF-APND,DAM,MCC,LMP_CONG_PRC,SLAP_PGSF-APND,ALL_APNODES,0,-3.98011,12
2021-09-29T18:00:00-00:00,2021-09-29T19:00:00-00:00,2021-09-29,12,0,SLAP_PGSF-APND,SLAP_PGSF-APND,SLAP_PGSF-APND,DAM,MCC,LMP_CONG_PRC,SLAP_PGSF-APND,ALL_APNODES,0,3.30395,12
2021-09-30T00:00:00-00:00,2021-09-30T01:00:00-00:00,2021-09-29,18,0,SLAP_PGSF-APND,SLAP_PGSF-APND,SLAP_PGSF-APND,DAM,MCC,LMP_CONG_PRC,SLAP_PGSF-APND,ALL_APNODES,0,0,12
2021-09-29T19:00:00-00:00,2021-09-29T20:00:00-00:00,2021-09-29,13,0,SLAP_PGSF-APND,SLAP_PGSF-APND,SLAP_PGSF-APND,DAM,MCC,LMP_CONG_PRC,SLAP_PGSF-APND,ALL_APNODES,0,7.22533,12
2021-09-30T05:00:00-00:00,2021-09-30T06:00:00-00:00,2021-09-29,23,0,SLAP_PGSF-APND,SLAP_PGSF-APND,SLAP_PGSF-APND,DAM,MCC,LMP_CONG_PRC,SLAP_PGSF-APND,ALL_APNODES,0,0,12
2021-09-29T10:00:00-00:00,2021-09-29T11:00:00-00:00,2021-09-29,4,0,SLAP_PGSF-APND,SLAP_PGSF-APND,SLAP_PGSF-APND,DAM,MCC,LMP_CONG_PRC,SLAP_PGSF-APND,ALL_APNODES,0,0,12
2021-09-29T09:00:00-00:00,2021-09-29T10:00:00-00:00,2021-09-29,3,0,SLAP_PGSF-APND,SLAP_PGSF-APND,SLAP_PGSF-APND,DAM,MCC,LMP_CONG_PRC,SLAP_PGSF-APND,ALL_APNODES,0,0,12
2021-09-29T11:00:00-00:00,2021-09-29T12:00:00-00:00,2021-09-29,5,0,SLAP_PGSF-APND,SLAP_PGSF-APND,SLAP_PGSF-APND,DAM,MCC,LMP_CONG_PRC,SLAP_PGSF-APND,ALL_APNODES,0,0,12
2021-09-30T04:00:00-00:00,2021-09-30T05:00:00-00:00,2021-09-29,22,0,SLAP_PGSF-APND,SLAP_PGSF-APND,SLAP_PGSF-APND,DAM,MCC,LMP_CONG_PRC,SLAP_PGSF-APND,ALL_APNODES,0,-0.69699,12
2021-09-29T17:00:00-00:00,2021-09-29T18:00:00-00:00,2021-09-29,11,0,SLAP_PGSF-APND,SLAP_PGSF-APND,SLAP_PGSF-APND,DAM,MCC,LMP_CONG_PRC,SLAP_PGSF-APND,ALL_APNODES,0,2.85988,12
2021-09-29T15:00:00-00:00,2021-09-29T16:00:00-00:00,2021-09-29,9,0,SLAP_PGSF-APND,SLAP_PGSF-APND,SLAP_PGSF-APND,DAM,MCC,LMP_CONG_PRC,SLAP_PGSF-APND,ALL_APNODES,0,0,12
2021-09-29T08:00:00-00:00,2021-09-29T09:00:00-00:00,2021-09-29,2,0,SLAP_PGSF-APND,SLAP_PGSF-APND,SLAP_PGSF-APND,DAM,MCC,LMP_CONG_PRC,SLAP_PGSF-APND,ALL_APNODES,0,0,12
2021-09-29T07:00:00-00:00,2021-09-29T08:00:00-00:00,2021-09-29,1,0,SLAP_PGSF-APND,SLAP_PGSF-APND,SLAP_PGSF-APND,DAM,MCC,LMP_CONG_PRC,SLAP_PGSF-APND,ALL_APNODES,0,0,12
2021-09-29T14:00:00-00:00,2021-09-29T15:00:00-00:00,2021-09-29,8,0,SLAP_PGSF-APND,SLAP_PGSF-APND,SLAP_PGSF-APND,DAM,MCC,LMP_CONG_PRC,SLAP_PGSF-APND,ALL_APNODES,0,0,12
2021-09-29T22:00:00-00:00,2021-09-29T23:00:00-00:00,2021-09-29,16,0,SLAP_PGSF-APND,SLAP_PGSF-APND,SLAP_PGSF-APND,DAM,MCC,LMP_CONG_PRC,SLAP_PGSF-APND,ALL_APNODES,0,0,12
2021-09-29T20:00:00-00:00,2021-09-29T21:00:00-00:00,2021-09-29,14,0,SLAP_PGSF-APND,SLAP_PGSF-APND,SLAP_PGSF-APND,DAM,MCC,LMP_CONG_PRC,SLAP_PGSF-APND,ALL_APNODES,0,4.22865,12
2021-09-29T23:00:00-00:00,2021-09-30T00:00:00-00:00,2021-09-29,17,0,SLAP_PGSF-APND,SLAP_PGSF-APND,SLAP_PGSF-APND,DAM,MCC,LMP_CONG_PRC,SLAP_PGSF-APND,ALL_APNODES,0,0,12
2021-09-29T16:00:00-00:00,2021-09-29T17:00:00-00:00,2021-09-29,10,0,SLAP_PGSF-APND,SLAP_PGSF-APND,SLAP_PGSF-APND,DAM,MCE,LMP_ENE_PRC,SLAP_PGSF-APND,ALL_APNODES,0,53.37421,13
2021-09-29T15:00:00-00:00,2021-09-29T16:00:00-00:00,2021-09-29,9,0,SLAP_PGSF-APND,SLAP_PGSF-APND,SLAP_PGSF-APND,DAM,MCE,LMP_ENE_PRC,SLAP_PGSF-APND,ALL_APNODES,0,61.87893,13
2021-09-30T04:00:00-00:00,2021-09-30T05:00:00-00:00,2021-09-29,22,0,SLAP_PGSF-APND,SLAP_PGSF-APND,SLAP_PGSF-APND,DAM,MCE,LMP_ENE_PRC,SLAP_PGSF-APND,ALL_APNODES,0,74.03759,13
2021-09-30T02:00:00-00:00,2021-09-30T03:00:00-00:00,2021-09-29,20,0,SLAP_PGSF-APND,SLAP_PGSF-APND,SLAP_PGSF-APND,DAM,MCE,LMP_ENE_PRC,SLAP_PGSF-APND,ALL_APNODES,0,87.56966,13
2021-09-29T09:00:00-00:00,2021-09-29T10:00:00-00:00,2021-09-29,3,0,SLAP_PGSF-APND,SLAP_PGSF-APND,SLAP_PGSF-APND,DAM,MCE,LMP_ENE_PRC,SLAP_PGSF-APND,ALL_APNODES,0,53.99478,13
2021-09-29T20:00:00-00:00,2021-09-29T21:00:00-00:00,2021-09-29,14,0,SLAP_PGSF-APND,SLAP_PGSF-APND,SLAP_PGSF-APND,DAM,MCE,LMP_ENE_PRC,SLAP_PGSF-APND,ALL_APNODES,0,49.55816,13
2021-09-30T05:00:00-00:00,2021-09-30T06:00:00-00:00,2021-09-29,23,0,SLAP_PGSF-APND,SLAP_PGSF-APND,SLAP_PGSF-APND,DAM,MCE,LMP_ENE_PRC,SLAP_PGSF-APND,ALL_APNODES,0,68.17664,13
2021-09-29T07:00:00-00:00,2021-09-29T08:00:00-00:00,2021-09-29,1,0,SLAP_PGSF-APND,SLAP_PGSF-APND,SLAP_PGSF-APND,DAM,MCE,LMP_ENE_PRC,SLAP_PGSF-APND,ALL_APNODES,0,58.09043,13
2021-09-29T19:00:00-00:00,2021-09-29T20:00:00-00:00,2021-09-29,13,0,SLAP_PGSF-APND,SLAP_PGSF-APND,SLAP_PGSF-APND,DAM,MCE,LMP_ENE_PRC,SLAP_PGSF-APND,ALL_APNODES,0,44.30339,13
2021-09-29T11:00:00-00:00,2021-09-29T12:00:00-00:00,2021-09-29,5,0,SLAP_PGSF-APND,SLAP_PGSF-APND,SLAP_PGSF-APND,DAM,MCE,LMP_ENE_PRC,SLAP_PGSF-APND,ALL_APNODES,0,54.60116,13
2021-09-29T23:00:00-00:00,2021-09-30T00:00:00-00:00,2021-09-29,17,0,SLAP_PGSF-APND,SLAP_PGSF-APND,SLAP_PGSF-APND,DAM,MCE,LMP_ENE_PRC,SLAP_PGSF-APND,ALL_APNODES,0,65.00272,13
2021-09-29T18:00:00-00:00,2021-09-29T19:00:00-00:00,2021-09-29,12,0,SLAP_PGSF-APND,SLAP_PGSF-APND,SLAP_PGSF-APND,DAM,MCE,LMP_ENE_PRC,SLAP_PGSF-APND,ALL_APNODES,0,46.88131,13
2021-09-29T12:00:00-00:00,2021-09-29T13:00:00-00:00,2021-09-29,6,0,SLAP_PGSF-APND,SLAP_PGSF-APND,SLAP_PGSF-APND,DAM,MCE,LMP_ENE_PRC,SLAP_PGSF-APND,ALL_APNODES,0,64.67072,13
2021-09-29T08:00:00-00:00,2021-09-29T09:00:00-00:00,2021-09-29,2,0,SLAP_PGSF-APND,SLAP_PGSF-APND,SLAP_PGSF-APND,DAM,MCE,LMP_ENE_PRC,SLAP_PGSF-APND,ALL_APNODES,0,55.68838,13
2021-09-30T06:00:00-00:00,2021-09-30T07:00:00-00:00,2021-09-29,24,0,SLAP_PGSF-APND,SLAP_PGSF-APND,SLAP_PGSF-APND,DAM,MCE,LMP_ENE_PRC,SLAP_PGSF-APND,ALL_APNODES,0,64.63594,13
2021-09-30T03:00:00-00:00,2021-09-30T04:00:00-00:00,2021-09-29,21,0,SLAP_PGSF-APND,SLAP_PGSF-APND,SLAP_PGSF-APND,DAM,MCE,LMP_ENE_PRC,SLAP_PGSF-APND,ALL_APNODES,0,77.26213,13
2021-09-29T10:00:00-00:00,2021-09-29T11:00:00-00:00,2021-09-29,4,0,SLAP_PGSF-APND,SLAP_PGSF-APND,SLAP_PGSF-APND,DAM,MCE,LMP_ENE_PRC,SLAP_PGSF-APND,ALL_APNODES,0,53.34883,13
2021-09-30T00:00:00-00:00,2021-09-30T01:00:00-00:00,2021-09-29,18,0,SLAP_PGSF-APND,SLAP_PGSF-APND,SLAP_PGSF-APND,DAM,MCE,LMP_ENE_PRC,SLAP_PGSF-APND,ALL_APNODES,0,76.99479,13
2021-09-29T14:00:00-00:00,2021-09-29T15:00:00-00:00,2021-09-29,8,0,SLAP_PGSF-APND,SLAP_PGSF-APND,SLAP_PGSF-APND,DAM,MCE,LMP_ENE_PRC,SLAP_PGSF-APND,ALL_APNODES,0,81.43402,13
2021-09-29T21:00:00-00:00,2021-09-29T22:00:00-00:00,2021-09-29,15,0,SLAP_PGSF-APND,SLAP_PGSF-APND,SLAP_PGSF-APND,DAM,MCE,LMP_ENE_PRC,SLAP_PGSF-APND,ALL_APNODES,0,53.61198,13
2021-09-29T13:00:00-00:00,2021-09-29T14:00:00-00:00,2021-09-29,7,0,SLAP_PGSF-APND,SLAP_PGSF-APND,SLAP_PGSF-APND,DAM,MCE,LMP_ENE_PRC,SLAP_PGSF-APND,ALL_APNODES,0,81.93741,13
2021-09-30T01:00:00-00:00,2021-09-30T02:00:00-00:00,2021-09-29,19,0,SLAP_PGSF-APND,SLAP_PGSF-APND,SLAP_PGSF-APND,DAM,MCE,LMP_ENE_PRC,SLAP_PGSF-APND,ALL_APNODES,0,91.19638,13
2021-09-29T22:00:00-00:00,2021-09-29T23:00:00-00:00,2021-09-29,16,0,SLAP_PGSF-APND,SLAP_PGSF-APND,SLAP_PGSF-APND,DAM,MCE,LMP_ENE_PRC,SLAP_PGSF-APND,ALL_APNODES,0,57.83097,13
2021-09-29T17:00:00-00:00,2021-09-29T18:00:00-00:00,2021-09-29,11,0,SLAP_PGSF-APND,SLAP_PGSF-APND,SLAP_PGSF-APND,DAM,MCE,LMP_ENE_PRC,SLAP_PGSF-APND,ALL_APNODES,0,47.78505,13
2021-09-29T14:00:00-00:00,2021-09-29T15:00:00-00:00,2021-09-29,8,0,SLAP_PGSF-APND,SLAP_PGSF-APND,SLAP_PGSF-APND,DAM,MCL,LMP_LOSS_PRC,SLAP_PGSF-APND,ALL_APNODES,0,3.66453,14
2021-09-29T18:00:00-00:00,2021-09-29T19:00:00-00:00,2021-09-29,12,0,SLAP_PGSF-APND,SLAP_PGSF-APND,SLAP_PGSF-APND,DAM,MCL,LMP_LOSS_PRC,SLAP_PGSF-APND,ALL_APNODES,0,4.3037,14
2021-09-29T10:00:00-00:00,2021-09-29T11:00:00-00:00,2021-09-29,4,0,SLAP_PGSF-APND,SLAP_PGSF-APND,SLAP_PGSF-APND,DAM,MCL,LMP_LOSS_PRC,SLAP_PGSF-APND,ALL_APNODES,0,2.63543,14
2021-09-29T15:00:00-00:00,2021-09-29T16:00:00-00:00,2021-09-29,9,0,SLAP_PGSF-APND,SLAP_PGSF-APND,SLAP_PGSF-APND,DAM,MCL,LMP_LOSS_PRC,SLAP_PGSF-APND,ALL_APNODES,0,3.74368,14
2021-09-29T13:00:00-00:00,2021-09-29T14:00:00-00:00,2021-09-29,7,0,SLAP_PGSF-APND,SLAP_PGSF-APND,SLAP_PGSF-APND,DAM,MCL,LMP_LOSS_PRC,SLAP_PGSF-APND,ALL_APNODES,0,2.56464,14
2021-09-29T17:00:00-00:00,2021-09-29T18:00:00-00:00,2021-09-29,11,0,SLAP_PGSF-APND,SLAP_PGSF-APND,SLAP_PGSF-APND,DAM,MCL,LMP_LOSS_PRC,SLAP_PGSF-APND,ALL_APNODES,0,4.45834,14
2021-09-29T21:00:00-00:00,2021-09-29T22:00:00-00:00,2021-09-29,15,0,SLAP_PGSF-APND,SLAP_PGSF-APND,SLAP_PGSF-APND,DAM,MCL,LMP_LOSS_PRC,SLAP_PGSF-APND,ALL_APNODES,0,4.9055,14
2021-09-29T23:00:00-00:00,2021-09-30T00:00:00-00:00,2021-09-29,17,0,SLAP_PGSF-APND,SLAP_PGSF-APND,SLAP_PGSF-APND,DAM,MCL,LMP_LOSS_PRC,SLAP_PGSF-APND,ALL_APNODES,0,3.91316,14
2021-09-29T07:00:00-00:00,2021-09-29T08:00:00-00:00,2021-09-29,1,0,SLAP_PGSF-APND,SLAP_PGSF-APND,SLAP_PGSF-APND,DAM,MCL,LMP_LOSS_PRC,SLAP_PGSF-APND,ALL_APNODES,0,3.13107,14
2021-09-30T03:00:00-00:00,2021-09-30T04:00:00-00:00,2021-09-29,21,0,SLAP_PGSF-APND,SLAP_PGSF-APND,SLAP_PGSF-APND,DAM,MCL,LMP_LOSS_PRC,SLAP_PGSF-APND,ALL_APNODES,0,3.12912,14
2021-09-30T04:00:00-00:00,2021-09-30T05:00:00-00:00,2021-09-29,22,0,SLAP_PGSF-APND,SLAP_PGSF-APND,SLAP_PGSF-APND,DAM,MCL,LMP_LOSS_PRC,SLAP_PGSF-APND,ALL_APNODES,0,2.70978,14
2021-09-30T05:00:00-00:00,2021-09-30T06:00:00-00:00,2021-09-29,23,0,SLAP_PGSF-APND,SLAP_PGSF-APND,SLAP_PGSF-APND,DAM,MCL,LMP_LOSS_PRC,SLAP_PGSF-APND,ALL_APNODES,0,2.30437,14
2021-09-29T19:00:00-00:00,2021-09-29T20:00:00-00:00,2021-09-29,13,0,SLAP_PGSF-APND,SLAP_PGSF-APND,SLAP_PGSF-APND,DAM,MCL,LMP_LOSS_PRC,SLAP_PGSF-APND,ALL_APNODES,0,4.34616,14
2021-09-29T20:00:00-00:00,2021-09-29T21:00:00-00:00,2021-09-29,14,0,SLAP_PGSF-APND,SLAP_PGSF-APND,SLAP_PGSF-APND,DAM,MCL,LMP_LOSS_PRC,SLAP_PGSF-APND,ALL_APNODES,0,4.47015,14
2021-09-30T00:00:00-00:00,2021-09-30T01:00:00-00:00,2021-09-29,18,0,SLAP_PGSF-APND,SLAP_PGSF-APND,SLAP_PGSF-APND,DAM,MCL,LMP_LOSS_PRC,SLAP_PGSF-APND,ALL_APNODES,0,3.71885,14
2021-09-29T16:00:00-00:00,2021-09-29T17:00:00-00:00,2021-09-29,10,0,SLAP_PGSF-APND,SLAP_PGSF-APND,SLAP_PGSF-APND,DAM,MCL,LMP_LOSS_PRC,SLAP_PGSF-APND,ALL_APNODES,0,4.57417,14
2021-09-29T22:00:00-00:00,2021-09-29T23:00:00-00:00,2021-09-29,16,0,SLAP_PGSF-APND,SLAP_PGSF-APND,SLAP_PGSF-APND,DAM,MCL,LMP_LOSS_PRC,SLAP_PGSF-APND,ALL_APNODES,0,4.14648,14
2021-09-29T09:00:00-00:00,2021-09-29T10:00:00-00:00,2021-09-29,3,0,SLAP_PGSF-APND,SLAP_PGSF-APND,SLAP_PGSF-APND,DAM,MCL,LMP_LOSS_PRC,SLAP_PGSF-APND,ALL_APNODES,0,2.62955,14
2021-09-30T01:00:00-00:00,2021-09-30T02:00:00-00:00,2021-09-29,19,0,SLAP_PGSF-APND,SLAP_PGSF-APND,SLAP_PGSF-APND,DAM,MCL,LMP_LOSS_PRC,SLAP_PGSF-APND,ALL_APNODES,0,3.4381,14
2021-09-30T02:00:00-00:00,2021-09-30T03:00:00-00:00,2021-09-29,20,0,SLAP_PGSF-APND,SLAP_PGSF-APND,SLAP_PGSF-APND,DAM,MCL,LMP_LOSS_PRC,SLAP_PGSF-APND,ALL_APNODES,0,3.27511,14
2021-09-30T06:00:00-00:00,2021-09-30T07:00:00-00:00,2021-09-29,24,0,SLAP_PGSF-APND,SLAP_PGSF-APND,SLAP_PGSF-APND,DAM,MCL,LMP_LOSS_PRC,SLAP_PGSF-APND,ALL_APNODES,0,1.79688,14
2021-09-29T08:00:00-00:00,2021-09-29T09:00:00-00:00,2021-09-29,2,0,SLAP_PGSF-APND,SLAP_PGSF-APND,SLAP_PGSF-APND,DAM,MCL,LMP_LOSS_PRC,SLAP_PGSF-APND,ALL_APNODES,0,2.42244,14
2021-09-29T11:00:00-00:00,2021-09-29T12:00:00-00:00,2021-09-29,5,0,SLAP_PGSF-APND,SLAP_PGSF-APND,SLAP_PGSF-APND,DAM,MCL,LMP_LOSS_PRC,SLAP_PGSF-APND,ALL_APNODES,0,2.14583,14
2021-09-29T12:00:00-00:00,2021-09-29T13:00:00-00:00,2021-09-29,6,0,SLAP_PGSF-APND,SLAP_PGSF-APND,SLAP_PGSF-APND,DAM,MCL,LMP_LOSS_PRC,SLAP_PGSF-APND,ALL_APNODES,0,2.46395,14
2021-09-30T06:00:00-00:00,2021-09-30T07:00:00-00:00,2021-09-29,24,0,SLAP_PGSF-APND,SLAP_PGSF-APND,SLAP_PGSF-APND,DAM,MGHG,LMP_GHG_PRC,SLAP_PGSF-APND,ALL_APNODES,0,0,15
2021-09-29T19:00:00-00:00,2021-09-29T20:00:00-00:00,2021-09-29,13,0,SLAP_PGSF-APND,SLAP_PGSF-APND,SLAP_PGSF-APND,DAM,MGHG,LMP_GHG_PRC,SLAP_PGSF-APND,ALL_APNODES,0,0,15
2021-09-29T14:00:00-00:00,2021-09-29T15:00:00-00:00,2021-09-29,8,0,SLAP_PGSF-APND,SLAP_PGSF-APND,SLAP_PGSF-APND,DAM,MGHG,LMP_GHG_PRC,SLAP_PGSF-APND,ALL_APNODES,0,0,15
2021-09-29T18:00:00-00:00,2021-09-29T19:00:00-00:00,2021-09-29,12,0,SLAP_PGSF-APND,SLAP_PGSF-APND,SLAP_PGSF-APND,DAM,MGHG,LMP_GHG_PRC,SLAP_PGSF-APND,ALL_APNODES,0,0,15
2021-09-29T23:00:00-00:00,2021-09-30T00:00:00-00:00,2021-09-29,17,0,SLAP_PGSF-APND,SLAP_PGSF-APND,SLAP_PGSF-APND,DAM,MGHG,LMP_GHG_PRC,SLAP_PGSF-APND,ALL_APNODES,0,0,15
2021-09-29T13:00:00-00:00,2021-09-29T14:00:00-00:00,2021-09-29,7,0,SLAP_PGSF-APND,SLAP_PGSF-APND,SLAP_PGSF-APND,DAM,MGHG,LMP_GHG_PRC,SLAP_PGSF-APND,ALL_APNODES,0,0,15
2021-09-29T10:00:00-00:00,2021-09-29T11:00:00-00:00,2021-09-29,4,0,SLAP_PGSF-APND,SLAP_PGSF-APND,SLAP_PGSF-APND,DAM,MGHG,LMP_GHG_PRC,SLAP_PGSF-APND,ALL_APNODES,0,0,15
2021-09-30T03:00:00-00:00,2021-09-30T04:00:00-00:00,2021-09-29,21,0,SLAP_PGSF-APND,SLAP_PGSF-APND,SLAP_PGSF-APND,DAM,MGHG,LMP_GHG_PRC,SLAP_PGSF-APND,ALL_APNODES,0,0,15
2021-09-29T22:00:00-00:00,2021-09-29T23:00:00-00:00,2021-09-29,16,0,SLAP_PGSF-APND,SLAP_PGSF-APND,SLAP_PGSF-APND,DAM,MGHG,LMP_GHG_PRC,SLAP_PGSF-APND,ALL_APNODES,0,0,15
2021-09-29T12:00:00-00:00,2021-09-29T13:00:00-00:00,2021-09-29,6,0,SLAP_PGSF-APND,SLAP_PGSF-APND,SLAP_PGSF-APND,DAM,MGHG,LMP_GHG_PRC,SLAP_PGSF-APND,ALL_APNODES,0,0,15
2021-09-30T02:00:00-00:00,2021-09-30T03:00:00-00:00,2021-09-29,20,0,SLAP_PGSF-APND,SLAP_PGSF-APND,SLAP_PGSF-APND,DAM,MGHG,LMP_GHG_PRC,SLAP_PGSF-APND,ALL_APNODES,0,0,15
2021-09-30T05:00:00-00:00,2021-09-30T06:00:00-00:00,2021-09-29,23,0,SLAP_PGSF-APND,SLAP_PGSF-APND,SLAP_PGSF-APND,DAM,MGHG,LMP_GHG_PRC,SLAP_PGSF-APND,ALL_APNODES,0,0,15
2021-09-29T16:00:00-00:00,2021-09-29T17:00:00-00:00,2021-09-29,10,0,SLAP_PGSF-APND,SLAP_PGSF-APND,SLAP_PGSF-APND,DAM,MGHG,LMP_GHG_PRC,SLAP_PGSF-APND,ALL_APNODES,0,0,15
2021-09-29T07:00:00-00:00,2021-09-29T08:00:00-00:00,2021-09-29,1,0,SLAP_PGSF-APND,SLAP_PGSF-APND,SLAP_PGSF-APND,DAM,MGHG,LMP_GHG_PRC,SLAP_PGSF-APND,ALL_APNODES,0,0,15
2021-09-29T21:00:00-00:00,2021-09-29T22:00:00-00:00,2021-09-29,15,0,SLAP_PGSF-APND,SLAP_PGSF-APND,SLAP_PGSF-APND,DAM,MGHG,LMP_GHG_PRC,SLAP_PGSF-APND,ALL_APNODES,0,0,15
2021-09-29T15:00:00-00:00,2021-09-29T16:00:00-00:00,2021-09-29,9,0,SLAP_PGSF-APND,SLAP_PGSF-APND,SLAP_PGSF-APND,DAM,MGHG,LMP_GHG_PRC,SLAP_PGSF-APND,ALL_APNODES,0,0,15
2021-09-29T08:00:00-00:00,2021-09-29T09:00:00-00:00,2021-09-29,2,0,SLAP_PGSF-APND,SLAP_PGSF-APND,SLAP_PGSF-APND,DAM,MGHG,LMP_GHG_PRC,SLAP_PGSF-APND,ALL_APNODES,0,0,15
2021-09-29T09:00:00-00:00,2021-09-29T10:00:00-00:00,2021-09-29,3,0,SLAP_PGSF-APND,SLAP_PGSF-APND,SLAP_PGSF-APND,DAM,MGHG,LMP_GHG_PRC,SLAP_PGSF-APND,ALL_APNODES,0,0,15
2021-09-29T11:00:00-00:00,2021-09-29T12:00:00-00:00,2021-09-29,5,0,SLAP_PGSF-APND,SLAP_PGSF-APND,SLAP_PGSF-APND,DAM,MGHG,LMP_GHG_PRC,SLAP_PGSF-APND,ALL_APNODES,0,0,15
2021-09-30T01:00:00-00:00,2021-09-30T02:00:00-00:00,2021-09-29,19,0,SLAP_PGSF-APND,SLAP_PGSF-APND,SLAP_PGSF-APND,DAM,MGHG,LMP_GHG_PRC,SLAP_PGSF-APND,ALL_APNODES,0,0,15
2021-09-29T17:00:00-00:00,2021-09-29T18:00:00-00:00,2021-09-29,11,0,SLAP_PGSF-APND,SLAP_PGSF-APND,SLAP_PGSF-APND,DAM,MGHG,LMP_GHG_PRC,SLAP_PGSF-APND,ALL_APNODES,0,0,15
2021-09-29T20:00:00-00:00,2021-09-29T21:00:00-00:00,2021-09-29,14,0,SLAP_PGSF-APND,SLAP_PGSF-APND,SLAP_PGSF-APND,DAM,MGHG,LMP_GHG_PRC,SLAP_PGSF-APND,ALL_APNODES,0,0,15
2021-09-30T00:00:00-00:00,2021-09-30T01:00:00-00:00,2021-09-29,18,0,SLAP_PGSF-APND,SLAP_PGSF-APND,SLAP_PGSF-APND,DAM,MGHG,LMP_GHG_PRC,SLAP_PGSF-APND,ALL_APNODES,0,0,15
2021-09-30T04:00:00-00:00,2021-09-30T05:00:00-00:00,2021-09-29,22,0,SLAP_PGSF-APND,SLAP_PGSF-APND,SLAP_PGSF-APND,DAM,MGHG,LMP_GHG_PRC,SLAP_PGSF-APND,ALL_APNODES,0,0,15
